NAME,ADDRESS,CITY,ST,ZIP,TELEPHONE,BED COUNT,OWNERSHIP TYPE
ABINGTON CREST NURSING AND REHABILITATION CENTER,1267 SOUTH HILL ROAD,ERIE,PA,16509,(814)864-4081,80, FOR PROFIT - C
ABINGTON MANOR,100 EDELLA ROAD,CLARKS SUMMIT,PA,18411,(570)586-1002,120, FOR PROFIT-PAR
ABRAMSON RESIDENCE,1425 HORSHAM ROAD,NORTH WALES,PA,19454,(215)371-3000,324, NON PROFIT-COR
ALLIED SERVICES SKILLED NURSING CENTER,303 SMALLACOMBE DR  P O BOX 2033,SCRANTON,PA,18501,(570)348-1424,371, NON PROFIT-COR
ALLIED SERVICES TRANSITIONAL REHABILITATION UNIT,475 MORGAN HIGHWAY,SCRANTON,PA,18508,(570)348-1300,55, NON PROFIT-COR
ALTOONA CENTER FOR NURSING CARE,1020 GREEN AVENUE,ALTOONA,PA,16601,(814)946-2700,120, FOR PROFIT - C
AMBLER EXTENDED CARE CENTER,32 SOUTH BETHLEHEM PIKE,AMBLER,PA,19002,(215)646-7050,100, FOR PROFIT - C
ANGELA JANE PAVILION,8410 ROOSEVELT BLVD,PHILADELPHIA,PA,19152,(215)708-1200,49, FOR PROFIT-PAR
ANN'S CHOICE,16000 ANN'S CHOICE WAY,WARMINSTER,PA,18974,(215)443-3900,88, NON PROFIT-COR
ARBUTUS PARK MANOR,207 OTTAWA STREET,JOHNSTOWN,PA,15904,(814)266-8621,141, NON PROFIT-COR
ARISTACARE AT MEADOW SPRINGS,845 GERMANTOWN PIKE,PLYMOUTH MEETING,PA,19462,(610)279-7300,153, FOR PROFIT-PAR
ARMSTRONG COUNTY HEALTH CTR,265 S MCKEAN STREET,KITTANNING,PA,16201,(724)548-2222,115, GOVERNMENT-COU
ARTMAN LUTHERAN HOME,250 NORTH BETHLEHEM PIKE,AMBLER,PA,19002,(215)643-6333,61, NON PROFIT-COR
ASBURY HEALTH CENTER,700 BOWER HILL ROAD,PITTSBURGH,PA,15243,(412)341-1030,139, NON PROFIT-CHU
ATTLEBORO NSG AND REHAB CTR,300 E WINCHESTER AVE,LANGHORNE,PA,19047,(215)757-3739,179, FOR PROFIT-PAR
AUDUBON VILLA HEALTH AND REHABILITATION CENTER,125 SOUTH BROAD STREET,LITITZ,PA,17543,(717)626-0211,42, FOR PROFIT-PAR
AVALON NURSING CENTER,3410 WEST PITTSBURG ROAD,NEW CASTLE,PA,16101,(724)658-4781,83, NON PROFIT-COR
AVALON SPRINGS NURSING CENTER,745 GREENVILLE ROAD,MERCER,PA,16137,(724)662-5400,100, NON PROFIT-COR
BALA NURSING AND RETIREMENT CENTER,4001 FORD ROAD,PHILADELPHIA,PA,19131,(215)877-5400,180, FOR PROFIT - C
"BALANCED CARE,  BLOOMSBURG",3298 RIDGE ROAD,BLOOMSBURG,PA,17815,(570)784-6688,66, FOR PROFIT - C
BALDWIN HEALTH CENTER,1717 SKYLINE DRIVE,PITTSBURGH,PA,15227,(412)885-8400,200, FOR PROFIT-PAR
"BALL PAVILION, THE",5416 EAST LAKE ROAD,ERIE,PA,16511,(814)899-8600,85, NON PROFIT-CHU
BAPTIST HOMES OF WESTERN PENNSYLVANIA,489 CASTLE SHANNON BOULEVARD,PITTSBURGH,PA,15234,(412)563-6550,126, NON PROFIT-COR
"BARBARA J EGAN NURSING AND REHABILITATION CENTER,",200 LUTHER ROAD,SHREWSBURY,PA,17361,(717)235-6895,100, NON PROFIT-CHU
BARCLAY FRIENDS,700 N. FRANKLIN STREET,WEST CHESTER,PA,19380,(610)696-5211,96, NON PROFIT-COR
BARNES-KASSON COUNTY HOSPITAL SNF,2872 TURNPIKE STREET,SUSQUEHANNA,PA,18847,(570)853-3135,58, NON PROFIT-COR
"BEACON RIDGE, A CHOICE COMMUNITY",1515 WAYNE AVENUE,INDIANA,PA,15701,(724)349-5300,118, NON PROFIT-COR
BEAUMONT AT BRYN MAWR,601 NORTH ITHAN AVENUE,BRYN MAWR,PA,19010,(610)526-7000,46, NON PROFIT-COR
BEAVER ELDER CARE AND REHABILITATION CENTER,616 GOLF COURSE ROAD,ALIQUIPPA,PA,15001,(724)375-0345,67, FOR PROFIT - C
BEAVER VALLEY NURSING & REHABILITATION CENTER,257 GEORGETOWN ROAD,BEAVER FALLS,PA,15010,(724)846-8200,120, FOR PROFIT - C
BELAIR HEALTH AND REHABILITATION CENTER,100 LITTLE ROAD,LOWER BURRELL,PA,15068,(724)339-1071,103, NON PROFIT-COR
BELLE HAVEN SKILLED NURSING AND REHABILITATION CENTER,1320 MILL ROAD,QUAKERTOWN,PA,18951,(215)536-7666,59, FOR PROFIT - C
BELLE REVE HEALTH CARE CENTER,404 EAST HARFORD STREET,MILFORD,PA,18337,(570)409-9191,30, FOR PROFIT - C
BELLINGHAM PARK LANE,"1615 EAST BOOT ROAD, EAST GOSHEN",WEST CHESTER,PA,19380,(484)653-4400,64, FOR PROFIT - C
"BELVEDERE CENTER, GENESIS HEALTHCARE, THE",2507 CHESTNUT STREET,CHESTER,PA,19013,(610)872-5373,150, FOR PROFIT-PAR
BERKS HEIM NURSING & REHABILITATION,1011 BERKS ROAD,LEESPORT,PA,19533,(610)376-4841,420, GOVERNMENT-COU
BERKSHIRE CENTER,5501 PERKIOMEN AVENUE,READING,PA,19606,(610)779-0600,130, FOR PROFIT-PAR
BERWICK RETIREMENT VILLAGE NURSING HOME,801 E 16TH STREET,BERWICK,PA,18603,(570)759-5400,240, FOR PROFIT - C
BETHANY VILLAGE RETIREMENT CENTER,5225 WILSON LANE,MECHANICSBURG,PA,17055,(717)766-0279,69, NON PROFIT-COR
BETHLEN HOME OF THE HUNGARIAN REFORMED FEDERATION OF AMERICA,66 CAREY SCHOOL ROAD,LIGONIER,PA,15658,(724)238-6711,96, NON PROFIT-COR
BIRCHWOOD NSG & REHAB CTR,395 EAST MIDDLE ROAD,NANTICOKE,PA,18634,(570)735-2973,121, FOR PROFIT - C
"BLOUGH HEALTHCARE CENTER, LLC",316 EAST MARKET STREET,BETHLEHEM,PA,18018,(610)868-4982,44, FOR PROFIT - C
BONHAM NURSING CENTER,477 BONNIEVILLE ROAD,STILLWATER,PA,17878,(570)864-3174,77, FOR PROFIT-IND
BRADFORD COUNTY MANOR,15900 ROUTE 6,TROY,PA,16947,(570)297-4111,200, GOVERNMENT-COU
BRADFORD ECUMENICAL HOME INC,100 ST FRANCIS DRIVE,BRADFORD,PA,16701,(814)368-5648,100, NON PROFIT-CHU
BRADFORD MANOR,50 LANGMAID LANE,BRADFORD,PA,16701,(814)362-6090,115, FOR PROFIT - C
BRANDYWINE HALL,800 WEST MINER STREET,WEST CHESTER,PA,19382,(610)696-3120,180, FOR PROFIT-PAR
BRETHREN VILLAGE,3001 LITITZ PIKE P O BOX 5093,LANCASTER,PA,17606,(717)569-2657,120, NON PROFIT-COR
BRIARCLIFF PAVILION HEALTH AND REHABILITATION CENTER,249 MAUS DRIVE,NORTH HUNTINGDON,PA,15642,(724)863-4374,120, FOR PROFIT-PAR
BRIARLEAF NSG AND CONV CENTER,252 BELMONT AVENUE,DOYLESTOWN,PA,18901,(215)348-2983,178, FOR PROFIT - C
BRINTON MANOR,549 BALTIMORE PIKE,GLEN MILLS,PA,19342,(610)358-6005,92, FOR PROFIT-PAR
BROAD ACRES HEALTH AND REHABILITATION CENTER,1883 SHUMWAY HILL ROAD,WELLSBORO,PA,16901,(570)724-3559,120, NON PROFIT-COR
BROAD MOUNTAIN NURSING AND REHABILITATION CENTER,500 WEST LAUREL STREET,FRACKVILLE,PA,17931,(570)874-0696,129, FOR PROFIT - C
BROOKLINE MANOR AND REHABILITATIVE SERVICES,2 MANOR BOULEVARD,MIFFLINTOWN,PA,17059,(717)436-2178,85, FOR PROFIT - C
"BROOKMONT HEALTHCARE CENTER, LLC",BROOKMONT DRIVE  PO BOX 50,EFFORT,PA,18330,(610)681-4070,119, FOR PROFIT - C
BROOKSIDE HEALTHCARE AND REHABILITATION CENTER,2630 WOODLAND ROAD,ROSLYN,PA,19001,(215)884-6776,120, FOR PROFIT - C
BROOMALL MANOR,43 CHURCH LANE,BROOMALL,PA,19008,(610)356-3003,123, FOR PROFIT - C
BROOMALL PRESBYTERIAN VILLAGE,146 MARPLE ROAD,BROOMALL,PA,19008,(610)356-0100,146, NON PROFIT-CHU
BROOMALL REHABILITATION AND NURSING CENTER,50 N MALIN ROAD,BROOMALL,PA,19008,(610)356-0800,298, FOR PROFIT - C
BRYN MAWR EXTENDED CARE CENTER,956 RAILROAD AVENUE,BRYN MAWR,PA,19010,(610)525-8412,160, FOR PROFIT - C
"BRYN MAWR TERRACE, THE",773 E. HAVERFORD ROAD,BRYN MAWR,PA,19010,(610)525-8300,120, NON PROFIT-COR
BUCKINGHAM VALLEY REHABILITATION AND NURSING CTR,820 DURHAM ROAD,NEWTOWN,PA,18940,(215)598-7181,130, FOR PROFIT - C
BUCKTAIL MEDICAL CENTER,1001 PINE STREET,RENOVO,PA,17764,(570)923-1000,43, NON PROFIT-COR
BUFFALO VALLEY LUTHERAN VILLAGE,189 E. TRESSLER BOULEVARD,LEWISBURG,PA,17837,(570)524-2221,102, NON PROFIT-COR
BUTLER MEMORIAL HOSPITAL TRANSITIONAL CARE FACILIT,911 EAST BRADY STREET,BUTLER,PA,16001,(724)284-4526,25, NON PROFIT-OTH
BUTLER VALLEY MANOR HEALTH AND REHABILITATION CENTER,463 N HUNTER HIGHWAY,DRUMS,PA,18222,(570)788-4175,37, FOR PROFIT-PAR
CALVARY FELLOWSHIP HOMES INC,502 ELIZABETH DRIVE,LANCASTER,PA,17601,(717)393-0711,45, NON PROFIT-COR
CAMBRIA CARE CENTER,429 MANOR DRIVE,EBENSBURG,PA,15931,(814)472-8100,301, FOR PROFIT - C
CANTERBURY PLACE,310 FISK STREET,PITTSBURGH,PA,15201,(412)622-9000,80, NON PROFIT-COR
CARBONDALE NURSING & REHABILITATION CENTER,10 HART PLACE,CARBONDALE,PA,18407,(570)282-1020,115, FOR PROFIT - C
CARE PAVILION NURSING AND REHABILITATION CENTER,6212 WALNUT STREET,PHILADELPHIA,PA,19139,(215)476-6264,396, FOR PROFIT-PAR
CARING HEART REHABILITATION AND NURSING CENTER,6445 GERMANTOWN AVENUE,PHILADELPHIA,PA,19119,(215)438-5268,269, NON PROFIT-COR
CARING HEIGHTS COMMUNITY CARE AND REHABILITATION CENTER,234 CORAOPOLIS ROAD,CORAOPOLIS,PA,15108,(412)331-6060,120, FOR PROFIT - C
"CARING PLACE, THE",103 NORTH 13TH STREET,FRANKLIN,PA,16323,(814)432-4491,100, NON PROFIT-CHU
CARLETON SENIOR CARE AND REHABILITATION CENTER,10 WEST AVENUE,WELLSBORO,PA,16901,(570)724-2631,26, FOR PROFIT - C
CATHEDRAL VILLAGE,600 E CATHEDRAL ROAD,PHILADELPHIA,PA,19128,(215)487-1300,133, NON PROFIT-COR
CEDAR HAVEN HEALTHCARE CENTER,590 SOUTH 5TH AVENUE,LEBANON,PA,17042,(717)274-0421,324, FOR PROFIT-PAR
CEDARBROOK NURSING HOMES,350 SOUTH CEDARBROOK ROAD,ALLENTOWN,PA,18104,(610)395-3727,670, GOVERNMENT-COU
CENTENNIAL HEALTHCARE AND REHABILITATION CENTER,4400 WEST GIRARD AVENUE,PHILADELPHIA,PA,19104,(215)477-1170,180, FOR PROFIT - C
CENTRE CREST,502 EAST HOWARD STREET,BELLEFONTE,PA,16823,(814)355-6777,240, NON PROFIT-COR
CH SKILLED NURSING FACILITY OF ALLENTOWN,1503 CEDAR CREST BLVD,ALLENTOWN,PA,18104,(610)861-8080,12, FOR PROFIT - C
"CHANDLER HALL HEALTH SERVICES, INC.",99 BARCLAY STREET,NEWTOWN,PA,18940,(215)860-4000,53, NON PROFIT-COR
CHAPEL MANOR,1104 WELSH ROAD,PHILADELPHIA,PA,19115,(215)676-9191,238, FOR PROFIT-PAR
CHAPEL POINTE AT CARLISLE,770 SOUTH HANOVER STREET,CARLISLE,PA,17013,(717)249-1363,59, NON PROFIT-CHU
CHARLES COLE MEMORIAL HOSPITAL ECF,1001 EAST SECOND STREET,COUDERSPORT,PA,16915,(814)274-9300,49, NON PROFIT-COR
CHARLES M MORRIS NURSING & REHAB CTR,200 JHF DR,PITTSBURGH,PA,15217,(412)420-4000,159, NON PROFIT-COR
CHELTENHAM NURSING AND REHABILITATION CENTER,600 WEST CHELTENHAM AVENUE,PHILADELPHIA,PA,19126,(215)927-7300,255, NON PROFIT-COR
CHERRY TREE NURSING CENTER,410 TERRACE DRIVE,UNIONTOWN,PA,15401,(724)438-6000,120, FOR PROFIT - C
CHESTER VALLEY REHABILITATION AND NURSING CENTER,283 EAST LANCASTER AVE,MALVERN,PA,19355,(610)296-4170,184, FOR PROFIT - C
CHESTNUT HILL LODGE HEALTH AND REHABILITATION CENTER,8833 STENTON AVENUE,WYNDMOOR,PA,19038,(215)836-2100,181, FOR PROFIT - C
CHICORA MEDICAL CENTER,160 MEDICAL CENTER RD,CHICORA,PA,16025,(724)445-2000,114, FOR PROFIT-PAR
CHRIST THE KING MANOR,1100 WEST LONG AVENUE,DUBOIS,PA,15801,(814)371-3180,160, NON PROFIT-CHU
CHRIST'S HOME RETIREMENT COMMUNITY,1 SHEPHERD'S WAY SUITE 100,WARMINSTER,PA,18974,(215)956-2270,48, NON PROFIT-COR
CHURCH OF GOD HOME INC,801 NORTH HANOVER STREET,CARLISLE,PA,17013,(717)249-5322,109, NON PROFIT-CHU
CHURCH OF THE BRETHREN HOME,277 HOFFMAN AVENUE,WINDBER,PA,15963,(814)467-5505,134, NON PROFIT-CHU
CLAREMONT NURSING AND REHABIL CTR OF CUMBERLAND CO,1000 CLAREMONT ROAD,CARLISLE,PA,17013,(717)243-2031,290, GOVERNMENT-COU
CLARVIEW NURSING AND REHABILITATION CENTER,14663 ROUTE 68,SLIGO,PA,16255,(814)745-2031,120, NON PROFIT-COR
CLEPPER MANOR,959 EAST STATE STREET,SHARON,PA,16146,(724)981-2750,54, FOR PROFIT-PAR
CLIVEDEN NURSING AND REHABILITATION CENTER,6400 GREENE STREET,PHILADELPHIA,PA,19119,(215)844-6400,180, FOR PROFIT-PAR
COLONIAL MANOR NURSING HOME,970 COLONIAL AVENUE,YORK,PA,17403,(717)845-2661,270, FOR PROFIT - C
COLONIAL PARK CARE CENTER,800 KING RUSS ROAD,HARRISBURG,PA,17109,(717)657-1520,198, FOR PROFIT - C
"COMMUNITIES AT INDIAN HAVEN, THE",1675 SALTSBURG AVENUE,INDIANA,PA,15701,(724)465-3900,108, GOVERNMENT-COU
CONCORDIA AT REBECCA RESIDENCE,3746 CEDAR RIDGE RD,ALLISON PARK,PA,15101,(724)444-0600,60, NON PROFIT-COR
CONCORDIA AT THE CEDARS,4363 NORTHERN PIKE,MONROEVILLE,PA,15146,(412)373-3900,59, NON PROFIT-COR
CONCORDIA LUTHERAN HEALTH AND HUMAN CARE,134 MARWOOD ROAD,CABOT,PA,16023,(724)352-1571,142, NON PROFIT-COR
CONCORDIA OF THE SOUTH HILLS,1300 BOWER HILL ROAD,PITTSBURGH,PA,15243,(412)278-1300,46, NON PROFIT-COR
CONEMAUGH MEMORIAL MEDICAL CENTER TRANSITIONAL CARE UNIT,320 MAIN STREET,JOHNSTOWN,PA,15901,(814)534-6111,30, FOR PROFIT - C
CONESTOGA VIEW,900 E KING STREET,LANCASTER,PA,17602,(717)299-7850,446, FOR PROFIT-PAR
CONNER-WILLIAMS NURSING HOME,105 MORTON AVENUE,RIDLEY PARK,PA,19078,(610)521-1331,50, FOR PROFIT - C
CONSULATE HEALTH CARE OF CHESWICK,3876 SAXONBURG BLVD,CHESWICK,PA,15024,(412)767-4998,121, FOR PROFIT - C
CONSULATE HEALTH CARE OF NORTH STRABANE,100 TANDEM VILLAGE ROAD,CANONSBURG,PA,15317,(724)743-9000,62, FOR PROFIT - C
CONTINUING CARE AT MARIS GROVE,500 MARIS GROVE WAY,GLEN MILLS,PA,19342,(610)387-4830,66, NON PROFIT-COR
CORNWALL MANOR,"P O BOX 125, 101 BOYD STREET",CORNWALL,PA,17016,(717)273-2647,104, NON PROFIT-COR
CORRY MANOR,640 WORTH STREET,CORRY,PA,16407,(814)664-9606,121, FOR PROFIT - C
COUNTRY MEADOWS NURSING CENTER OF BETHLEHEM,4025 GREEN POND RD,BETHLEHEM,PA,18020,(610)882-4110,70, FOR PROFIT-PAR
COUNTRY MEADOWS OF SOUTH HILLS,3590 WASHINGTON PIKE,BRIDGEVILLE,PA,15017,(412)257-2474,194, FOR PROFIT-PAR
COUNTRYSIDE CHRISTIAN COMMUNITY,200 BELLANN COURT,ANNVILLE,PA,17003,(717)867-4636,33, NON PROFIT-COR
COUNTRYSIDE CONVALESCENT HOME LIMITED PARTNERSHIP,8221 LAMOR ROAD,MERCER,PA,16137,(724)662-5860,48, FOR PROFIT-PAR
COURTYARD GARDENS NURSING AND REHABILITATION CENTER,999 WEST HARRISBURG PIKE,MIDDLETOWN,PA,17057,(717)944-3351,102, NON PROFIT-COR
COVENTRY MANOR HEALTH AND REHABILITATION CENTER,3031 CHESTNUT HILL ROAD,POTTSTOWN,PA,19465,(610)469-6228,41, FOR PROFIT-PAR
CRANBERRY PLACE,5 ST. FRANCIS WAY,CRANBERRY TOWNSHIP,PA,16066,(724)772-5350,150, NON PROFIT-COR
CRAWFORD COUNTY CARE CENTER,20881 STATE HIGHWAY 198,SAEGERTOWN,PA,16433,(814)763-2445,157, GOVERNMENT-COU
CREEKSIDE HEALTH AND REHABILITATION CENTER,45 N SCOTT STREET,CARBONDALE,PA,18407,(570)282-1099,81, FOR PROFIT-PAR
CRESTVIEW CENTER,262 TOLL GATE ROAD,LANGHORNE,PA,19047,(215)968-4650,180, FOR PROFIT-PAR
"CROSS KEYS VILLAGE - BRETHREN HOME COMMUNITY, THE",P O BOX 128 2990 CARLISLE PIKE,NEW OXFORD,PA,17350,(717)624-2161,270, NON PROFIT-CHU
CROSSLANDS,PO BOX 100  RT 926,KENNETT SQUARE,PA,19348,(610)388-1441,60, NON PROFIT-COR
CUMBERLAND CROSSINGS RETIREMENT COMMUNITY,1 LONGSDORF WAY,CARLISLE,PA,17013,(717)245-9941,58, NON PROFIT-CHU
DALLASTOWN NURSING CENTER,623 E MAIN STREET,DALLASTOWN,PA,17313,(717)244-2295,30, FOR PROFIT - C
DARWAY ELDER CARE REHABILITATION CENTER,5865 ROUTE 154,FORKSVILLE,PA,18616,(570)924-3411,67, FOR PROFIT - C
DEER MEADOWS REHABILITATION CENTER,8301 ROOSEVELT BOULEVARD,PHILADELPHIA,PA,19152,(215)624-7575,206, FOR PROFIT - C
DELAWARE VALLEY VETERANS' HOME,2701 SOUTHAMPTON RD,PHILADELPHIA,PA,19154,(215)856-2700,130, GOVERNMENT-STA
DENVER HEALTH AND REHABILITATION CENTER,400 LANCASTER AVENUE,STEVENS,PA,17578,(717)336-3878,82, FOR PROFIT-PAR
DEVON MANOR,235 LANCASTER AVENUE,DEVON,PA,19333,(610)688-8080,131, FOR PROFIT - C
DOCK TERRACE,275 DOCK DRIVE,LANSDALE,PA,19446,(215)368-4438,72, NON PROFIT-COR
DONAHOE MANOR,136 DONAHOE MANOR RD,BEDFORD,PA,15522,(814)623-9075,72, FOR PROFIT - C
DR. ARTHUR CLIFTON MCKINLEY HEALTH CENTER,133 LAURELBROOKE DRIVE,BROOKVILLE,PA,15825,(814)849-3615,90, NON PROFIT-COR
DRESHER HILL HEALTH AND REHAB CTR,1390 CAMP HILL ROAD,FORT WASHINGTON,PA,19034,(215)643-0600,118, NON PROFIT-COR
DUBOIS NURSING HOME,PO BOX 307,DUBOIS,PA,15801,(814)375-9100,140, NON PROFIT-COR
DUNMORE HEALTH CARE CENTER,1000 MILL STREET,DUNMORE,PA,18512,(570)342-7624,92, FOR PROFIT - C
EASTON HEALTH AND REHABILITATION CENTER,498 WASHINGTON STREET,EASTON,PA,18042,(610)258-2988,181, FOR PROFIT-PAR
EDGEHILL NURSING AND REHABILITATION CENTER,146 EDGEHILL ROAD,GLENSIDE,PA,19038,(215)886-1043,60, NON PROFIT-COR
EDINBORO MANOR,419 WATERFORD STREET,EDINBORO,PA,16412,(814)734-5021,121, FOR PROFIT - C
EDISON MANOR NURSING & REHAB CENTER,222 WEST EDISON AVENUE,NEW CASTLE,PA,16101,(724)652-6340,118, FOR PROFIT - C
ELDERCREST NURSING CENTER,2600 WEST RUN ROAD,MUNHALL,PA,15120,(412)462-8002,48, NON PROFIT-COR
ELK HAVEN NURSING HOME,785 JOHNSONBURG ROAD,SAINT MARYS,PA,15857,(814)834-2618,120, NON PROFIT-COR
ELKINS CREST HEALTH & REHAB CTR,265 E TOWNSHIP LINE ROAD,ELKINS PARK,PA,19027,(215)379-2700,150, FOR PROFIT - C
"ELLEN MEMORIAL HEALTH CARE CENTER-HONESDALE, INC.",23 ELLEN MEMORIAL LANE,HONESDALE,PA,18431,(570)253-5690,130, FOR PROFIT - C
ELM TERRACE GARDENS,660 NORTH BROAD STREET,LANSDALE,PA,19446,(215)361-5604,72, NON PROFIT-COR
ELMWOOD GARDENS,2628 ELMWOOD AVENUE,ERIE,PA,16508,(814)864-4802,51, NON PROFIT-COR
EMMANUEL CENTER FOR NURSING AND REHAB AT MARIA JOSEPH MANOR,600 SCHOOL HOUSE ROAD,DANVILLE,PA,17821,(570)275-6100,90, NON PROFIT-COR
EPHRATA MANOR,99 BETHANY ROAD,EPHRATA,PA,17522,(717)738-4940,120, NON PROFIT-COR
EPWORTH MANOR,951 WASHINGTON AVENUE,TYRONE,PA,16686,(814)684-0320,102, FOR PROFIT - C
EVANGELICAL MANOR,8401 ROOSEVELT BOULEVARD,PHILADELPHIA,PA,19152,(215)624-5800,120, NON PROFIT-COR
EVERGREEN HEALTH AND REHABILITATION CENTER,191 EVERGREEN MILL ROAD,HARMONY,PA,16037,(724)452-6970,115, FOR PROFIT-PAR
FAIR ACRES GERIATRIC CENTER,340 N MIDDLETOWN ROAD PO BOX 496,LIMA,PA,19037,(610)891-5700,908, GOVERNMENT-COU
FAIR WINDS MANOR,126 IRON BRIDGE ROAD,SARVER,PA,16055,(724)353-1531,66, FOR PROFIT-PAR
FAIRMOUNT HOMES,333 WHEAT RIDGE DRIVE,EPHRATA,PA,17522,(717)354-1800,114, NON PROFIT-COR
FAIRVIEW CARE CENTER OF BETHLEHEM PIKE,184 BETHLEHEM PIKE,PHILADELPHIA,PA,19118,(215)247-5311,176, FOR PROFIT-PAR
FAIRVIEW CARE CENTER OF PAPERMILL ROAD,850 PAPERMILL ROAD,GLENSIDE,PA,19038,(215)233-0920,129, FOR PROFIT-PAR
FAIRVIEW MANOR,900 MANCHESTER ROAD,FAIRVIEW,PA,16415,(814)838-4822,121, FOR PROFIT - C
FALLING SPRING NURSING AND REHABILITATION CENTER,201 FRANKLIN FARM  LANE,CHAMBERSBURG,PA,17202,(717)264-2715,186, FOR PROFIT-PAR
FELLOWSHIP MANOR,3000 FELLOWSHIP DR,WHITEHALL,PA,18052,(610)799-3000,121, NON PROFIT-COR
FORBES CENTER FOR REHABILITATION AND HEALTHCARE,6655 FRANKSTOWN AVENUE,PITTSBURGH,PA,15206,(412)665-3232,134, FOR PROFIT - C
FOREST CITY NURSING AND REHAB CENTER,915 DELAWARE STREET,FOREST CITY,PA,18421,(570)785-3005,132, FOR PROFIT-PAR
FOREST PARK HEALTH CTR,700 WALNUT BOTTOM ROAD,CARLISLE,PA,17013,(717)960-7700,114, FOR PROFIT - C
FORESTVIEW,2301 EDINBORO ROAD,ERIE,PA,16509,(814)860-7100,80, NON PROFIT-COR
FOULKEWAYS AT GWYNEDD,1120 MEETINGHOUSE ROAD,GWYNEDD,PA,19436,(215)643-2200,52, NON PROFIT-COR
FOX SUBACUTE AT CLARA BURKE,251 STENTON AVENUE,PLYMOUTH MEETING,PA,19462,(610)828-2272,60, FOR PROFIT - C
FOX SUBACUTE AT MECHANICSBURG,120 SOUTH FILBERT STREET,MECHANICSBURG,PA,17055,(717)458-0930,44, FOR PROFIT - C
FOX SUBACUTE CENTER,2644 BRISTOL ROAD,WARRINGTON,PA,18976,(215)343-2700,60, FOR PROFIT - C
FOXDALE VILLAGE,500 E. MARYLYN AVENUE,STATE COLLEGE,PA,16801,(814)238-3322,46, NON PROFIT-COR
FREDERICK LIVING - CEDARWOOD,"2849 BIG ROAD, P. O. BOX 498",FREDERICK,PA,19435,(610)754-7878,61, NON PROFIT-COR
FREY VILLAGE,1020 NORTH UNION STREET,MIDDLETOWN,PA,17057,(717)944-0451,136, NON PROFIT-CHU
FRIENDLY NURSING HOME-PITMAN,200 TAYLORSVILLE MOUNTAIN ROAD,PITMAN,PA,17964,(570)644-0489,48, NON PROFIT-COR
FRIENDSHIP RIDGE,246 FRIENDSHIP CIRCLE,BEAVER,PA,15009,(724)775-7100,589, FOR PROFIT - C
FRIENDSHIP VILLAGE OF SOUTH HILLS,1290 BOYCE ROAD,PITTSBURGH,PA,15241,(724)941-3100,89, NON PROFIT-COR
FULTON COUNTY MEDICAL CENTER,214 PEACH ORCHARD ROAD,MCCONNELLSBURG,PA,17233,(717)485-3155,67, NON PROFIT-OTH
GARDEN SPOT VILLAGE,433 S. KINZER AVE.,NEW HOLLAND,PA,17557,(717)355-6000,73, NON PROFIT-COR
GARDEN SPRING CENTER,1113 NORTH EASTON ROAD,WILLOW GROVE,PA,19090,(215)659-3060,173, FOR PROFIT-PAR
GARVEY MANOR,1037 SOUTH LOGAN BOULEVARD,HOLLIDAYSBURG,PA,16648,(814)695-5571,132, NON PROFIT-COR
GEISINGER-BLOOMSBURG HEALTH CARE CENTER,211 EAST FIRST STREET,BLOOMSBURG,PA,17815,(570)784-5930,149, NON PROFIT-COR
GEISINGER-SHAMOKIN AREA COMMUNITY HOSPITAL SKILLED NURSING F,4200 HOSPITAL ROAD,COAL TOWNSHIP,PA,17866,(570)644-4574,15, NON PROFIT-COR
GERMANTOWN HOME,6950 GERMANTOWN AVENUE,PHILADELPHIA,PA,19119,(215)848-3306,180, NON PROFIT-COR
GETTYSBURG CENTER,867 YORK ROAD,GETTYSBURG,PA,17325,(717)337-3238,118, FOR PROFIT-PAR
"GETTYSBURG LUTHERAN NURSING AND REHABILITATION CENTER, THE",1075 OLD HARRISBURG ROAD,GETTYSBURG,PA,17325,(717)334-6204,100, NON PROFIT-CHU
GINO J. MERLI VETERANS CENTER,401 PENN AVENUE,SCRANTON,PA,18503,(570)961-4300,196, GOVERNMENT-STA
"GLEN AT WILLOW VALLEY, THE",675 WILLOW VALLEY SQUARE,LANCASTER,PA,17602,(717)464-6161,203, NON PROFIT-COR
GLENDALE UPTOWN HOME,7800 BUSTLETON AVENUE,PHILADELPHIA,PA,19152,(215)722-2300,240, FOR PROFIT-PAR
GOLDEN HILL NURSING AND REHAB,520 FRIENDSHIP STREET,NEW CASTLE,PA,16101,(724)654-7791,204, FOR PROFIT-PAR
GOLDEN LIVINGCENTER-BLUE RIDGE MOUNTAIN,3625 NORTH PROGRESS AVENUE,HARRISBURG,PA,17110,(717)652-2345,95, FOR PROFIT-PAR
GOLDEN LIVINGCENTER-CAMP HILL,46 ERFORD ROAD,CAMP HILL,PA,17011,(717)763-7361,95, FOR PROFIT-PAR
GOLDEN LIVINGCENTER-CLARION,999 HEIDRICK STREET,CLARION,PA,16214,(814)226-6380,83, FOR PROFIT-PAR
GOLDEN LIVINGCENTER-DOYLESTOWN,432 MAPLE STREET,DOYLESTOWN,PA,18901,(215)345-1452,120, FOR PROFIT-PAR
GOLDEN LIVINGCENTER-EAST MOUNTAIN,101 E MOUNTAIN BOULEVARD,WILKES-BARRE,PA,18702,(570)825-5892,120, FOR PROFIT-PAR
GOLDEN LIVINGCENTER-GETTYSBURG,741 CHAMBERSBURG ROAD,GETTYSBURG,PA,17325,(717)334-6764,102, FOR PROFIT-PAR
GOLDEN LIVINGCENTER-HAIDA,THIRD AVENUE EXTENSION,HASTINGS,PA,16646,(814)247-6578,98, FOR PROFIT-PAR
GOLDEN LIVINGCENTER-HILLVIEW,700 SOUTH CAYUGA AVENUE,ALTOONA,PA,16602,(814)946-0471,133, FOR PROFIT-PAR
GOLDEN LIVINGCENTER-KINZUA,205 WATER STREET,WARREN,PA,16365,(814)726-0820,106, FOR PROFIT-PAR
GOLDEN LIVINGCENTER-LANCASTER,425 NORTH DUKE STREET,LANCASTER,PA,17602,(717)397-4281,124, FOR PROFIT-PAR
GOLDEN LIVINGCENTER-LANSDALE,25 WEST 5TH STREET,LANSDALE,PA,19446,(215)855-9765,126, FOR PROFIT-PAR
GOLDEN LIVINGCENTER-MANSION,1040-52  MARKET STREET,SUNBURY,PA,17801,(570)286-6922,70, FOR PROFIT-PAR
GOLDEN LIVINGCENTER-MEYERSDALE,201 HOSPITAL DRIVE,MEYERSDALE,PA,15552,(814)634-5966,99, FOR PROFIT-PAR
GOLDEN LIVINGCENTER-MONROEVILLE,4142 MONROEVILLE BOULEVARD,MONROEVILLE,PA,15146,(412)856-7570,120, FOR PROFIT-PAR
GOLDEN LIVINGCENTER-MT. LEBANON,350 OLD GILKESON ROAD,PITTSBURGH,PA,15228,(412)257-4444,121, FOR PROFIT-PAR
GOLDEN LIVINGCENTER-MURRYSVILLE,3300 LOGANS FERRY ROAD,MURRYSVILLE,PA,15668,(724)325-1500,120, FOR PROFIT-PAR
GOLDEN LIVINGCENTER-OIL CITY,1293 GRANDVIEW ROAD,OIL CITY,PA,16301,(814)676-8208,95, FOR PROFIT-PAR
GOLDEN LIVINGCENTER-PHOENIXVILLE,833 SOUTH MAIN STREET,PHOENIXVILLE,PA,19460,(610)933-5867,138, FOR PROFIT-PAR
GOLDEN LIVINGCENTER-READING,21 FAIRLANE RD,READING,PA,19606,(610)779-8522,124, FOR PROFIT-PAR
GOLDEN LIVINGCENTER-RICHLAND,349 VO TECH DRIVE,JOHNSTOWN,PA,15904,(814)266-9702,97, FOR PROFIT-PAR
GOLDEN LIVINGCENTER-ROSEMONT,35 ROSEMONT AVENUE,ROSEMONT,PA,19010,(610)525-1500,76, FOR PROFIT-PAR
GOLDEN LIVINGCENTER-SCRANTON,824 ADAMS AVENUE,SCRANTON,PA,18510,(570)346-5704,139, FOR PROFIT-PAR
GOLDEN LIVINGCENTER-SHIPPENVILLE,21158 PAINT BLVD,SHIPPENVILLE,PA,16254,(814)226-5660,120, FOR PROFIT-PAR
GOLDEN LIVINGCENTER-SOUTH HILLS,201 VILLAGE DRIVE,CANONSBURG,PA,15317,(724)746-1300,104, FOR PROFIT-PAR
GOLDEN LIVINGCENTER-STENTON,7310 STENTON AVENUE,PHILADELPHIA,PA,19150,(215)242-2727,94, FOR PROFIT-PAR
GOLDEN LIVINGCENTER-STROUD,221 EAST BROWN STREET,EAST STROUDSBURG,PA,18301,(570)421-6200,127, FOR PROFIT-PAR
GOLDEN LIVINGCENTER-SUMMIT,50 NORTH PENNSYLVANIA AVE,WILKES BARRE,PA,18701,(570)825-3488,120, FOR PROFIT-PAR
GOLDEN LIVINGCENTER-TITUSVILLE,81 DILLON DRIVE,TITUSVILLE,PA,16354,(814)827-2727,77, FOR PROFIT-PAR
GOLDEN LIVINGCENTER-TUNKHANNOCK,30 VIRGINIA DRIVE,TUNKHANNOCK,PA,18657,(570)836-5166,124, FOR PROFIT-PAR
GOLDEN LIVINGCENTER-UNIONTOWN,129 FRANKLIN AVE,UNIONTOWN,PA,15401,(724)439-5700,120, FOR PROFIT-PAR
GOLDEN LIVINGCENTER-WALNUT CREEK,4850 ZUCK ROAD,ERIE,PA,16506,(814)836-3300,115, FOR PROFIT - C
GOLDEN LIVINGCENTER-WAYNESBURG,300 CENTER AVENUE,WAYNESBURG,PA,15370,(724)852-2020,111, FOR PROFIT-PAR
GOLDEN LIVINGCENTER-WEST SHORE,770 POPLAR CHURCH ROAD,CAMP HILL,PA,17011,(717)763-7070,309, FOR PROFIT-PAR
GOLDEN LIVINGCENTER-WESTERN RESERVE,1521 WEST 54TH STREET,ERIE,PA,16509,(814)864-0671,133, FOR PROFIT-PAR
GOLDEN LIVINGCENTER-WILLIAM PENN,163 SUMMIT DRIVE,LEWISTOWN,PA,17044,(717)248-3941,121, FOR PROFIT-PAR
GOLDEN LIVINGCENTER-YORK TERRACE,2401 WEST MARKET STREET,POTTSVILLE,PA,17901,(570)622-3982,80, FOR PROFIT-PAR
GOOD SHEPHERD HOME RAKER CENTER,601 ST JOHN STREET,ALLENTOWN,PA,18103,(610)776-3199,99, NON PROFIT-COR
GOOD SHEPHERD HOME- BETHLEHEM,2855 SCHOENERSVILLE ROAD,BETHLEHEM,PA,18017,(610)807-5600,60, NON PROFIT-COR
"GRANDVIEW HEALTH HOMES, INC.",49 WOODBINE LANE,DANVILLE,PA,17821,(570)275-5240,172, FOR PROFIT - C
GREEN HOME INC,37 CENTRAL AVENUE,WELLSBORO,PA,16901,(570)724-3131,120, NON PROFIT-COR
GREEN RIDGE CARE CENTER,2741 BOULEVARD AVENUE,SCRANTON,PA,18509,(570)344-6121,95, FOR PROFIT - C
GREENERY SPECIALTY CARE CENTER (OF CANONSBURG),2200 HILL CHURCH HOUSTON ROAD,CANONSBURG,PA,15317,(724)745-8000,140, FOR PROFIT - C
GREENLEAF NSG & CONV CENTER,400 SOUTH MAIN STREET,DOYLESTOWN,PA,18901,(215)348-2980,130, FOR PROFIT - C
GREENSBURG CARE CENTER,119 INDUSTRIAL PARK ROAD,GREENSBURG,PA,15601,(724)836-2480,120, FOR PROFIT - C
GROVE CITY MEDICAL CENTER TRANSITIONAL CARE CENTER,631 N BROAD ST EXT,GROVE CITY,PA,16127,(724)450-7098,20, NON PROFIT-OTH
GROVE MANOR,435 NORTH BROAD STREET,GROVE CITY,PA,16127,(724)458-7800,59, NON PROFIT-CHU
GUARDIAN ELDER CARE CENTER,147 OLD NEWPORT ST,NANTICOKE,PA,18634,(570)735-7300,110, FOR PROFIT - C
"GUY AND MARY FELT MANOR,  INC.",110 EAST 4TH STREET,EMPORIUM,PA,15834,(814)486-3736,40, NON PROFIT-COR
GWYNEDD SQUARE CENTER FOR NSG AND CONVALSCENT CARE,773 SUMNEYTOWN PIKE,LANSDALE,PA,19446,(215)699-5000,181, FOR PROFIT-PAR
HAMILTON ARMS CENTER,336 SOUTH WEST END AVENUE,LANCASTER,PA,17603,(717)393-0419,94, FOR PROFIT-PAR
HAMPTON HOUSE,1548 SANS SOUCI PARKWAY,WILKES BARRE,PA,18706,(570)825-8725,104, FOR PROFIT - C
HANOVER HALL,267 FREDERICK STREET,HANOVER,PA,17331,(717)637-8937,152, FOR PROFIT - C
HARLEE MANOR NURSING AND REHABILITATION CENTER,463  WEST SPROUL ROAD,SPRINGFIELD,PA,19064,(610)544-2200,100, FOR PROFIT - C
HARMARVILLAGE CARE CENTER,715 FREEPORT ROAD,CHESWICK,PA,15024,(724)274-3773,130, FOR PROFIT - C
HARMON HOUSE CARE CENTER,601 SOUTH CHURCH STREET,MOUNT PLEASANT,PA,15666,(724)547-1890,109, FOR PROFIT - C
HARRISON SENIOR LIVING OF CHRISTIANA,41 NEWPORT AVENUE,CHRISTIANA,PA,17509,(610)593-6901,139, FOR PROFIT - C
HARSTON HALL,350 HAWS LANE,FLOURTOWN,PA,19031,(215)836-3200,120, FOR PROFIT-PAR
HAVEN CONVALESCENT HOME INC,725 PAUL STREET,NEW CASTLE,PA,16101,(724)654-8833,91, FOR PROFIT - C
HAVEN SKILLED REHABILITATION AND NURSING,24 CREE DRIVE,LOCK HAVEN,PA,17745,(570)893-5300,90, FOR PROFIT - C
HAVENCREST NURSING CENTER,1277 COUNTRY CLUB ROAD,MONONGAHELA,PA,15063,(724)258-3000,48, NON PROFIT-COR
"HEALTH CARE CENTER AT WHITE HORSE VILLAGE, THE",535 GRADYVILLE ROAD,NEWTOWN SQUARE,PA,19073,(610)558-5043,59, NON PROFIT-COR
"HEALTH CENTER AT THE HILL AT WHITEMARSH, THE",4000 FOX HOUND DRIVE,LAFAYETTE HILL,PA,19444,(215)402-8600,60, NON PROFIT-COR
"HEARTHSIDE REHABILITATION AND NURSING CENTER, THE",450 WAUPELANI DRIVE,STATE COLLEGE,PA,16801,(814)237-0630,157, FOR PROFIT - C
HEINZ TRANSITIONAL REHABILITATION UNIT,150 MUNDY STREET,WILKES BARRE TOWNSHI,PA,18702,(570)830-8995,25, NON PROFIT-COR
HEMPFIELD MANOR,1118 WOODWARD DRIVE,GREENSBURG,PA,15601,(724)836-4424,120, FOR PROFIT - C
"HENRY CLAY VILLA, LP",5253 NATIONAL PIKE,MARKLEYSBURG,PA,15459,(724)329-5545,74, FOR PROFIT-PAR
HICKORY HOUSE NURSING HOME,3120 HORSESHOE PIKE,HONEY BROOK,PA,19344,(610)273-2915,110, FOR PROFIT-PAR
HIGHLAND MANOR REHABILITATION AND NURSING CENTER,750 SCHOOLEY AVENUE,EXETER,PA,18643,(570)655-3791,120, FOR PROFIT - C
HIGHLAND PARK CARE CENTER,745 NORTH HIGHLAND AVENUE,PITTSBURGH,PA,15206,(412)362-6622,144, FOR PROFIT - C
HIGHLAND VIEW HEALTH CARE,90 MAIN STREET,BROCKWAY,PA,15824,(814)265-8265,50, FOR PROFIT - C
"HIGHLANDS AT WYOMISSING, THE",2000 CAMBRIDGE AVENUE,WYOMISSING,PA,19610,(610)775-2300,80, NON PROFIT-COR
HIGHLANDS CARE CENTER,ROUTE 42 MAIN STREET,LAPORTE,PA,18626,(570)946-7700,120, FOR PROFIT - C
HILLCREST CENTER,1245 CHURCH ROAD,WYNCOTE,PA,19095,(215)884-9990,180, FOR PROFIT-PAR
HILLSDALE REHABILITATION AND NURSING CENTER,383 MOUNTAIN VIEW DRIVE,HILLSDALE,PA,15746,(814)743-6613,74, FOR PROFIT - C
HOLLIDAYSBURG VETERANS' HOME,PO BOX 319,HOLLIDAYSBURG,PA,16648,(814)696-5201,339, GOVERNMENT-STA
HOLY FAMILY HOME,5300 CHESTER AVENUE,PHILADELPHIA,PA,19143,(215)729-5153,45, NON PROFIT-COR
HOLY FAMILY MANOR,1200 SPRING STREET,BETHLEHEM,PA,18018,(610)865-5595,208, NON PROFIT-COR
HOLY FAMILY RESIDENCE,2500 ADAMS AVENUE,SCRANTON,PA,18509,(570)343-4065,54, NON PROFIT-COR
HOMELAND CENTER,1901 NORTH FIFTH STREET,HARRISBURG,PA,17102,(717)221-7900,95, NON PROFIT-COR
"HOMESTEAD VILLAGE,  INC.",1800 VILLAGE CIRCLE,LANCASTER,PA,17604,(717)397-4831,60, NON PROFIT-COR
HOMETOWN NSG & REHAB CTR,149 LAFAYETTE AVENUE,TAMAQUA,PA,18252,(570)668-1775,150, FOR PROFIT-PAR
"HOMEWOOD AT MARTINSBURG, PA, INC.",437 GIVLER DRIVE,MARTINSBURG,PA,16662,(814)793-3728,129, NON PROFIT-COR
HOMEWOOD AT PLUM CREEK,425 WESTMINSTER AVENUE,HANOVER,PA,17331,(717)637-4166,120, NON PROFIT-CHU
HOPKINS CENTER,8100 WASHINGTON LANE,WYNCOTE,PA,19095,(215)576-8000,106, FOR PROFIT-PAR
"HOSPITALITY CARE CENTER OF HERMITAGE, INC.",3726 E. STATE STREET,HERMITAGE,PA,16148,(724)342-5279,33, FOR PROFIT - C
HRH TRANSITIONAL CARE UNIT (A D/B/A ENTITY OF HRHS),1648 HUNTINGDON PIKE,MEADOWBROOK,PA,19046,(215)938-4076,21, NON PROFIT-COR
HUNTINGDON NURSING AND REHABILITATION CENTER,1229 WARM SPRINGS AVENUE,HUNTINGDON,PA,16652,(814)643-4210,93, NON PROFIT-COR
IMMACULATE MARY CENTER FOR REHABILITATION & HEALTHCARE,2990 HOLME AVENUE,PHILADELPHIA,PA,19136,(215)335-2100,296, FOR PROFIT - C
INGLIS HOUSE,2600 BELMONT AVENUE,PHILADELPHIA,PA,19131,(215)878-5600,297, NON PROFIT-COR
"INN AT FREEDOM VILLAGE, THE",35 FREEDOM BLVD,WEST BRANDYWINE,PA,19320,(484)288-2300,60, FOR PROFIT - C
IVY HILL REHABILITATION AND NURSING CENTER,1401 IVY HILL ROAD,WYNDMOOR,PA,19150,(215)233-5605,145, FOR PROFIT - C
"JAMESON CARE CENTER, INC",3349 WILMINGTON RD,NEW CASTLE,PA,16105,(724)598-3300,78, NON PROFIT-COR
JAMESON MEMORIAL HOSPITAL TRANSITIONAL CARE UNIT,1211 WILMINGTON AVENUE,NEW CASTLE,PA,16105,(724)656-4025,20, NON PROFIT-COR
JEFFERSON HILLS MANOR,448 OLD CLAIRTON ROAD,JEFFERSON HILLS,PA,15025,(412)653-1128,83, FOR PROFIT - C
JEFFERSON MANOR HEALTH CENTER,417 ROUTE 28,BROOKVILLE,PA,15825,(814)849-8026,160, NON PROFIT-COR
JEWISH HOME OF EASTERN PA,1101 VINE STREET,SCRANTON,PA,18510,(570)344-6177,173, NON PROFIT-COR
JEWISH HOME OF GREATER HARRISBURG,4000 LINGLESTOWN ROAD,HARRISBURG,PA,17112,(717)657-0700,138, NON PROFIT-COR
JOHN J KANE REGIONAL CENTER - GLEN HAZEL,955 RIVERMONT DRIVE,PITTSBURGH,PA,15207,(412)422-6800,210, GOVERNMENT-COU
JOHN J KANE REGIONAL CENTER ROSS TOWNSHIP,110 MCINTYRE ROAD,PITTSBURGH,PA,15237,(412)369-2000,240, GOVERNMENT-COU
JOHN J KANE REGIONAL CENTER- MCKEESPORT,100 NINTH AVENUE,MCKEESPORT,PA,15132,(412)675-8621,360, GOVERNMENT-COU
JOHN J KANE REGIONAL CENTER- SCOTT TOWNSHIP,300 KANE BLVD,PITTSBURGH,PA,15243,(412)429-3024,314, GOVERNMENT-COU
JULIA POUND CARE CENTER,1155 INDIAN SPRINGS ROAD,INDIANA,PA,15701,(724)464-1600,131, NON PROFIT-COR
JULIA RIBAUDO EXTENDED CARE CENTER,1404 GOLF PARK DRIVE PO BOX 97,LAKE ARIEL,PA,18436,(570)698-5647,120, FOR PROFIT - C
JUNIPER VILLAGE AT BROOKLINE-REHABILITATION AND SKILLED CARE,1950 CLIFFSIDE DRIVE,STATE COLLEGE,PA,16801,(814)238-3139,116, FOR PROFIT - C
KADE HEALTH AND REHABILITATION CENTER,1198 W WYLIE AVE,WASHINGTON,PA,15301,(724)222-2148,74, FOR PROFIT-PAR
KEARSLEY REHABILITATION AND NURSING CENTER,2100 NORTH 49TH STREET,PHILADELPHIA,PA,19131,(215)877-1565,84, FOR PROFIT-PAR
KENDAL AT LONGWOOD,"BOX 100, 1109 EAST BALTIMORE PIKE",KENNETT SQUARE,PA,19348,(610)388-7001,53, NON PROFIT-COR
KEPLER CENTER FOR NURSING AND REHABILITATION,44 SOUTH MARKET STREET,ELIZABETHVILLE,PA,17023,(717)362-8370,40, FOR PROFIT - C
KINGSTON HEALTH CARE CENTER,702 THIRD AVENUE,KINGSTON,PA,18704,(570)283-5848,65, FOR PROFIT - C
KINKORA PYTHIAN HOME,25 COVE ROAD,DUNCANNON,PA,17020,(717)834-4887,60, NON PROFIT-COR
KIRKLAND VILLAGE,ONE KIRKLAND VILLAGE CIRCLE,BETHLEHEM,PA,18017,(610)691-4500,60, NON PROFIT-COR
KITTANNING CARE CENTER,120 KITTANNING CARE DRIVE,KITTANNING,PA,16201,(724)545-2273,120, FOR PROFIT - C
KUTZTOWN MANOR INC,120 TREXLER AVENUE,KUTZTOWN,PA,19530,(610)683-6220,140, FOR PROFIT - C
LACKAWANNA HEALTH AND REHAB CENTER,108 TERRACE DRIVE,OLYPHANT,PA,18447,(570)489-8611,272, FOR PROFIT - C
"LAFAYETTE MANOR, INC.",147 LAFAYETTE MANOR ROAD,UNIONTOWN,PA,15401,(724)430-4848,98, NON PROFIT-COR
"LAFAYETTE-REDEEMER, THE (A D/B/A ENTITY OF HRHS)",8580 VERREE ROAD,PHILADELPHIA,PA,19111,(215)214-2800,120, NON PROFIT-COR
LAKESIDE AT WILLOW VALLEY,300 WILLOW VALLEY LAKES DRIVE,WILLOW STREET,PA,17584,(717)464-9542,80, NON PROFIT-COR
LAKESIDE HEALTH AND REHABILITATION CENTER,245 OLD LAKE ROAD,DALLAS,PA,18612,(570)639-1885,31, FOR PROFIT-PAR
LAKEVIEW SENIOR CARE AND LIVING CENTER,15 WEST WILLOW STREET,SMETHPORT,PA,16749,(814)887-5716,34, FOR PROFIT - C
LANCASHIRE HALL,2829 LITITZ PIKE,LANCASTER,PA,17601,(717)569-3211,240, FOR PROFIT - C
LANDIS HOMES,1001 E OREGON ROAD,LITITZ,PA,17543,(717)569-3271,103, NON PROFIT-COR
LANGHORNE GARDENS REHABILITATION AND NURSING CENTER,350 MANOR AVENUE,LANGHORNE,PA,19047,(215)757-7667,120, FOR PROFIT - C
LANKENAU HOSPITAL TRANSITIONAL CARE CENTER,100 LANCASTER AVENUE,WYNNEWOOD,PA,19096,(484)476-6409,22, NON PROFIT-COR
LATROBE HEALTH AND REHABILITATION CENTER,576 FRED ROGERS DRIVE,LATROBE,PA,15650,(724)537-4441,107, FOR PROFIT-PAR
LAUREL CARE NURSING AND REHABILITATION CENTER,6375 CHAMBERSBURG ROAD,FAYETTEVILLE,PA,17222,(717)352-2721,92, FOR PROFIT-PAR
LAUREL CENTER,125 HOLLY ROAD,HAMBURG,PA,19526,(610)562-2284,130, FOR PROFIT-PAR
LAUREL RIDGE CENTER,75 HICKLE STREET,UNIONTOWN,PA,15401,(724)437-9871,61, FOR PROFIT-PAR
LAUREL VIEW VILLAGE,2000 CAMBRIDGE DRIVE,DAVIDSVILLE,PA,15928,(814)288-2724,60, NON PROFIT-CHU
LAURELWOOD CARE CENTER,100 WOODMONT ROAD,JOHNSTOWN,PA,15905,(814)255-1488,120, FOR PROFIT - C
"LAWSON NURSING HOME, INC.",540 COAL VALLEY ROAD,JEFFERSON HILLS,PA,15025,(412)466-1125,50, FOR PROFIT - C
LEBANON VALLEY BRETHREN HOME,1200 GRUBB STREET,PALMYRA,PA,17078,(717)838-5406,100, NON PROFIT-COR
"LEBANON VALLEY HOME, THE",550 EAST MAIN STREET,ANNVILLE,PA,17003,(717)867-4467,55, NON PROFIT-COR
LEHIGH CENTER,1718 SPRING CREEK ROAD,MACUNGIE,PA,18062,(610)366-0500,128, FOR PROFIT-PAR
LEHIGH VALLEY HOSPITAL TRANSITIONAL SKILLED UNIT,17TH & CHEW STREETS,ALLENTOWN,PA,18105,(610)969-4225,52, NON PROFIT-OTH
LGAR HEALTH & REHABILITATION CTR,800 ELSIE STREET,TURTLE CREEK,PA,15145,(412)825-9000,120, NON PROFIT-COR
LIBERTY NURSING AND REHABILITATION CENTER,535 N 17TH ST,ALLENTOWN,PA,18104,(610)432-4351,146, FOR PROFIT - C
LIFECARE HOSPITALS OF PITTSBURGH SNF UNIT,100 SOUTH JACKSON AVENUE,PITTSBURGH,PA,15202,(412)734-6110,40, FOR PROFIT - C
LIFEQUEST NURSING CENTER,2450 JOHN FRIES HIGHWAY,QUAKERTOWN,PA,18951,(215)536-0770,140, NON PROFIT-COR
LINDEN HALL,114 MAIDEN LANE,KENNETT SQUARE,PA,19348,(610)444-0741,20, NON PROFIT-COR
LINWOOD NURSING AND REHABILITATION CENTER,100 LINWOOD AVENUE,SCRANTON,PA,18505,(570)346-7381,102, NON PROFIT-COR
LITTLE FLOWER MANOR,1201 SPRINGFIELD ROAD,DARBY,PA,19023,(610)534-6000,127, NON PROFIT-COR
LITTLE FLOWER MANOR OF THE DIOCESE OF SCRANTON,200 SOUTH MEADE STREET,WILKES-BARRE,PA,18702,(570)823-6131,133, NON PROFIT-COR
LITTLE SISTERS OF THE POOR,1028 BENTON AVENUE,PITTSBURGH,PA,15212,(412)307-1100,48, NON PROFIT-COR
LOCUST GROVE RETIREMENT VILLAGE,69 COTTAGE ROAD,MIFFLIN,PA,17058,(717)436-8921,104, FOR PROFIT - C
LONGWOOD AT OAKMONT,500 ROUTE 909,VERONA,PA,15147,(412)826-5900,60, NON PROFIT-COR
LOYALHANNA CARE CENTER,535 MCFARLAND ROAD,LATROBE,PA,15650,(724)537-5500,120, FOR PROFIT-PAR
LOYALSOCK CREEK REHABILITATION AND NURSING CENTER,1445 SYCAMORE ROAD,MONTOURSVILLE,PA,17754,(570)601-8100,133, FOR PROFIT - C
LUTHER ACRES MANOR,400 ST LUKE DR,LITITZ,PA,17543,(717)626-6884,106, NON PROFIT-COR
LUTHER CREST NURSING FACILITY,800 HAUSMAN ROAD,ALLENTOWN,PA,18104,(610)398-8011,60, NON PROFIT-COR
LUTHER WOODS CONVALESCENT CENTER,313 W COUNTY LINE ROAD,HATBORO,PA,19040,(215)675-5005,140, FOR PROFIT-PAR
LUTHERAN COMMUNITY AT TELFORD,12 LUTHERAN HOME DRIVE,TELFORD,PA,18969,(215)723-9819,75, NON PROFIT-COR
"LUTHERAN HOME AT HOLLIDAYSBURG, THE",916 HICKORY STREET,HOLLIDAYSBURG,PA,16648,(814)696-4527,89, NON PROFIT-CHU
"LUTHERAN HOME AT JOHNSTOWN, THE",807 GOUCHER STREET,JOHNSTOWN,PA,15905,(814)255-6844,63, NON PROFIT-CHU
LUTHERAN HOME AT KANE,100 HIGH POINT DRIVE,KANE,PA,16735,(814)837-6706,90, NON PROFIT-COR
"LUTHERAN HOME AT TOPTON, THE",1 SOUTH HOME AVENUE,TOPTON,PA,19562,(610)682-1400,194, NON PROFIT-COR
LUTHERAN NURSING & REHAB CENTER AT SPRENKLE DRIVE,1801 FOLKEMER CIRCLE,YORK,PA,17404,(717)767-5404,104, NON PROFIT-COR
MAHONING VALLEY NURSING AND REHABILITATION CENTER,397 HEMLOCK DRIVE,LEHIGHTON,PA,18235,(570)386-5522,142, FOR PROFIT - C
MAJESTIC OAKS REHABILITATION AND NURSING CENTER,333 NEWTOWN ROAD,WARMINSTER,PA,18974,(215)672-9082,180, FOR PROFIT - C
MALTA HOME,105 MALTA DRIVE,GRANVILLE,PA,17029,(717)248-3988,40, NON PROFIT-COR
MANATAWNY MANOR,OLD SCHUYLKILL RD AT RT 724,POTTSTOWN,PA,19464,(610)705-3700,133, NON PROFIT-COR
MANCHESTER COMMONS,6351 WEST LAKE ROAD,ERIE,PA,16505,(814)838-9191,78, NON PROFIT-COR
"MANOR AT PENN VILLAGE, THE",51 ROUTE 204,SELINSGROVE,PA,17870,(570)374-8181,159, FOR PROFIT - C
"MANOR AT PERRY VILLAGE, THE",213 EAST MAIN STREET,NEW BLOOMFIELD,PA,17068,(717)582-4346,123, FOR PROFIT - C
"MANOR AT ST. LUKE VILLAGE, THE",1711 EAST BROAD STREET,HAZLETON,PA,18201,(570)453-5100,104, FOR PROFIT - C
"MANOR AT SUSQUEHANNA VILLAGE, THE",990 MEDICAL ROAD,MILLERSBURG,PA,17061,(717)692-4751,194, FOR PROFIT - C
MANORCARE HEALTH SERVICES - WALLINGFORD,115 S PROVIDENCE ROAD,WALLINGFORD,PA,19086,(610)565-3232,198, FOR PROFIT - C
MANORCARE HEALTH SERVICES AT MERCY FITZGERALD,600 S WYCOMBE AVENUE,YEADON,PA,19050,(610)626-8065,129, FOR PROFIT-PAR
MANORCARE HEALTH SERVICES-ALLENTOWN,1265 S CEDAR CREST BOULEVARD,ALLENTOWN,PA,18103,(610)776-7522,166, FOR PROFIT - C
MANORCARE HEALTH SERVICES-BETHEL PARK,60 HIGHLAND ROAD,BETHEL PARK,PA,15102,(412)831-6050,160, FOR PROFIT - C
MANORCARE HEALTH SERVICES-BETHLEHEM 2021,2021 WESTGATE DRIVE,BETHLEHEM,PA,18017,(610)865-6077,227, FOR PROFIT - C
MANORCARE HEALTH SERVICES-BETHLEHEM 2029,2029 WESTGATE DRIVE,BETHLEHEM,PA,18017,(610)861-0100,217, FOR PROFIT - C
MANORCARE HEALTH SERVICES-CAMP HILL,1700 MARKET STREET,CAMP HILL,PA,17011,(717)737-8551,123, FOR PROFIT - C
MANORCARE HEALTH SERVICES-CARLISLE,940 WALNUT BOTTOM ROAD,CARLISLE,PA,17013,(717)249-0085,150, FOR PROFIT - C
MANORCARE HEALTH SERVICES-CHAMBERSBURG,1070 STOUFFER AVENUE,CHAMBERSBURG,PA,17201,(717)263-0436,210, FOR PROFIT - C
MANORCARE HEALTH SERVICES-DALLASTOWN,100 WEST QUEEN STREET,DALLASTOWN,PA,17313,(717)246-1671,202, FOR PROFIT - C
MANORCARE HEALTH SERVICES-EASTON,2600 NORTHAMPTON STREET,EASTON,PA,18045,(610)250-0150,227, FOR PROFIT - C
MANORCARE HEALTH SERVICES-ELIZABETHTOWN,320 SOUTH MARKET STREET,ELIZABETHTOWN,PA,17022,(717)367-1377,73, FOR PROFIT - C
MANORCARE HEALTH SERVICES-ERIE,3805 FIELD STREET,ERIE,PA,16511,(814)898-5600,120, FOR PROFIT - C
MANORCARE HEALTH SERVICES-GREEN TREE,1848 GREENTREE ROAD,PITTSBURGH,PA,15220,(412)344-7744,180, FOR PROFIT - C
MANORCARE HEALTH SERVICES-HUNTINGDON VALLEY,3430 HUNTINGDON PIKE,HUNTINGDON VALLEY,PA,19006,(215)938-7171,130, FOR PROFIT - C
MANORCARE HEALTH SERVICES-JERSEY SHORE,1008 THOMPSON STREET,JERSEY SHORE,PA,17740,(570)398-4747,120, FOR PROFIT - C
MANORCARE HEALTH SERVICES-KING OF PRUSSIA,600 WEST VALLEY FORGE ROAD,KING OF PRUSSIA,PA,19406,(610)337-1775,150, FOR PROFIT - C
MANORCARE HEALTH SERVICES-KINGSTON,200 SECOND AVENUE,KINGSTON,PA,18704,(570)288-9315,176, FOR PROFIT - C
MANORCARE HEALTH SERVICES-KINGSTON COURT,2400 KINGSTON COURT,YORK,PA,17402,(717)755-8811,151, FOR PROFIT - C
MANORCARE HEALTH SERVICES-LANCASTER,100 ABBEYVILLE ROAD,LANCASTER,PA,17603,(717)397-4261,172, FOR PROFIT - C
MANORCARE HEALTH SERVICES-LANSDALE,640 BETHLEHEM PIKE,MONTGOMERYVILLE,PA,18936,(215)368-4350,170, FOR PROFIT - C
MANORCARE HEALTH SERVICES-LAURELDALE,2125 ELIZABETH AVE,LAURELDALE,PA,19605,(610)921-9292,198, FOR PROFIT - C
MANORCARE HEALTH SERVICES-LEBANON,900 TUCK STREET,LEBANON,PA,17042,(717)273-8595,159, FOR PROFIT - C
MANORCARE HEALTH SERVICES-MONROEVILLE,885 MACBETH DR,MONROEVILLE,PA,15146,(412)856-7071,131, FOR PROFIT - C
MANORCARE HEALTH SERVICES-NORTH HILLS,1105 PERRY HIGHWAY,PITTSBURGH,PA,15237,(412)369-9955,200, FOR PROFIT - C
MANORCARE HEALTH SERVICES-NORTHSIDE,2170 RHINE STREET,PITTSBURGH,PA,15212,(412)323-0420,100, FOR PROFIT - C
MANORCARE HEALTH SERVICES-OXFORD VALLEY,1480 OXFORD VALLEY ROAD,YARDLEY,PA,19067,(215)321-3921,150, FOR PROFIT - C
MANORCARE HEALTH SERVICES-PETERS TOWNSHIP,113 WEST MCMURRAY ROAD,MCMURRAY,PA,15317,(724)941-3080,140, FOR PROFIT - C
MANORCARE HEALTH SERVICES-PITTSBURGH,550 SOUTH NEGLEY AVENUE,PITTSBURGH,PA,15232,(412)665-2400,197, FOR PROFIT - C
MANORCARE HEALTH SERVICES-POTTSTOWN,724 NORTH CHARLOTTE STREET,POTTSTOWN,PA,19464,(610)323-1837,165, FOR PROFIT - C
MANORCARE HEALTH SERVICES-POTTSVILLE,PULASKI AND LEADER DRIVE,POTTSVILLE,PA,17901,(570)622-9582,179, FOR PROFIT - C
MANORCARE HEALTH SERVICES-SHADYSIDE,5609 5TH AVENUE,PITTSBURGH,PA,15232,(412)362-3500,150, FOR PROFIT - C
MANORCARE HEALTH SERVICES-SINKING SPRING,3000 WINDMILL ROAD,SINKING SPRING,PA,19608,(610)670-2100,214, FOR PROFIT - C
MANORCARE HEALTH SERVICES-SUNBURY,800 COURT STREET CIRCLE RD,SUNBURY,PA,17801,(570)286-7121,126, FOR PROFIT - C
MANORCARE HEALTH SERVICES-WEST READING NORTH,425 BUTTONWOOD STREET,WEST READING,PA,19611,(610)373-5166,176, FOR PROFIT - C
MANORCARE HEALTH SERVICES-WHITEHALL BOROUGH,505 WEYMAN ROAD,PITTSBURGH,PA,15236,(412)884-3500,166, FOR PROFIT - C
MANORCARE HEALTH SERVICES-WMSPT NORTH,300 LEADER DRIVE,WILLIAMSPORT,PA,17701,(570)323-8627,152, FOR PROFIT - C
MANORCARE HEALTH SERVICES-WMSPT SOUTH,101 LEADER DRIVE,WILLIAMSPORT,PA,17701,(570)323-3758,116, FOR PROFIT - C
MANORCARE HEALTH SERVICES-YEADON,14 LINCOLN AVENUE,YEADON,PA,19050,(610)626-7700,198, FOR PROFIT - C
MANORCARE HEALTH SERVICES-YORK NORTH,1770 BARLEY ROAD,YORK,PA,17404,(717)767-6530,161, FOR PROFIT - C
MANORCARE HEALTH SERVICES-YORK SOUTH,200 PAULINE DRIVE,YORK,PA,17402,(717)741-0824,151, FOR PROFIT - C
MAPLE FARM,604 OAK STREET,AKRON,PA,17501,(717)859-1191,46, NON PROFIT-COR
MAPLE WINDS CARE CENTER,4112 SPRING HILL ROAD,PORTAGE,PA,15946,(814)736-6000,50, FOR PROFIT - C
MAPLEWOOD NURSING AND REHABILITATION CENTER,125 WEST SCHOOLHOUSE LANE,PHILADELPHIA,PA,19144,(215)844-8806,180, FOR PROFIT-PAR
MARGARET E.  MOUL HOME,2050 BARLEY ROAD,YORK,PA,17404,(717)767-6463,82, NON PROFIT-COR
MARIAN MANOR CORPORATION,2695 WINCHESTER DRIVE,PITTSBURGH,PA,15220,(412)440-4300,154, NON PROFIT-COR
"MARWOOD REST HOME, INC.",1020 OAK LANE AVENUE,PHILADELPHIA,PA,19126,(215)224-9898,87, FOR PROFIT - C
MASONIC VILLAGE AT ELIZABETHTOWN,ONE MASONIC DRIVE,ELIZABETHTOWN,PA,17022,(717)367-1121,453, NON PROFIT-COR
MASONIC VILLAGE AT LAFAYETTE HILL,801 RIDGE PIKE,LAFAYETTE HILL,PA,19444,(610)825-6100,60, NON PROFIT-COR
MASONIC VILLAGE AT SEWICKLEY,1000 MASONIC DRIVE,SEWICKLEY,PA,15143,(412)741-1400,128, NON PROFIT-COR
MASONIC VILLAGE AT WARMINSTER,850 NORRISTOWN ROAD,WARMINSTER,PA,18974,(215)672-2500,28, NON PROFIT-COR
MCMURRAY HILLS MANOR,249 WEST MCMURRAY ROAD,MCMURRAY,PA,15317,(724)941-7150,115, NON PROFIT-COR
MEADOW VIEW NURSING CENTER,1404 HAY STREET,BERLIN,PA,15530,(814)267-4212,150, NON PROFIT-COR
MEADOW VIEW SENIOR LIVING CENTER,225 PARK STREET,MONTROSE,PA,18801,(570)278-3836,63, FOR PROFIT - C
MEADOWCREST NURSING CENTER,1200 BRAUN ROAD,BETHEL PARK,PA,15102,(412)854-5500,50, NON PROFIT-COR
MEADOWOOD,3205 SKIPPACK PIKE PO BOX 670,WORCESTER,PA,19490,(610)584-1000,59, NON PROFIT-COR
"MEADOWS AT MARTINS RUN, THE",11 MARTINS RUN,MEDIA,PA,19063,(610)353-7660,60, NON PROFIT-COR
"MEADOWS AT SHANNONDELL, THE",6000 SHANNONDELL DRIVE,AUDUBON,PA,19403,(610)728-5400,60, FOR PROFIT - C
MEADOWS NURSING AND REHABILITATION CENTER,4 E. CENTER HILL ROAD,DALLAS,PA,18612,(570)675-8600,130, NON PROFIT-COR
"MEADVILLE MEDICAL CENTER, TRANSITIONAL CARE UNIT",1034 GROVE STREET,MEADVILLE,PA,16335,(814)333-5950,32, NON PROFIT-COR
"MEMORIAL HOSPITAL, INC. SKILLED NURSING UNIT",91 HOSPITAL DRIVE,TOWANDA,PA,18848,(570)268-2239,68, NON PROFIT-COR
"MENNO- HAVEN,  INC.",2075 SCOTLAND AVENUE,CHAMBERSBURG,PA,17201,(717)263-8545,152, NON PROFIT-CHU
"MENNONITE HOME, THE",1520 HARRISBURG PIKE,LANCASTER,PA,17601,(717)393-1301,188, NON PROFIT-COR
"MERCY CENTER NURSING UNIT, INC.",PO BOX 370 LAKE STREET,DALLAS,PA,18612,(570)675-2131,59, NON PROFIT-COR
MESSIAH LIFEWAYS AT MESSIAH VILLAGE,100 MOUNT ALLEN DRIVE,MECHANICSBURG,PA,17055,(717)697-4666,184, NON PROFIT-CHU
MID-VALLEY HEALTH CARE CENTER,81 STURGES ROAD,PECKVILLE,PA,18452,(570)383-7320,38, FOR PROFIT - C
MIFFLIN CENTER,500 EAST PHILADELPHIA AVENUE,SHILLINGTON,PA,19607,(610)777-7841,136, FOR PROFIT-PAR
MILFORD SENIOR CARE AND REHABILITATION CENTER,264 ROUTE 6 & 209,MILFORD,PA,18337,(570)491-4121,80, FOR PROFIT - C
MILLCREEK COMMUNITY HOSPITAL TRANSITIONAL CARE UNIT,5515 PEACH STREET,ERIE,PA,16509,(814)868-7655,24, NON PROFIT-COR
MILLCREEK MANOR,5515 PEACH STREET,ERIE,PA,16509,(814)868-7600,50, NON PROFIT-COR
MILLVILLE HEALTH AND REHABILITATION CENTER,"BOX 320, 48 HAVEN LANE",MILLVILLE,PA,17846,(570)458-5566,110, FOR PROFIT-PAR
MILTON NURSING AND REHABILITATION CENTER,743 MAHONING STREET,MILTON,PA,17847,(570)742-2681,138, FOR PROFIT-PAR
MISERICORDIA NURSING & REHABILITATION CENTER,998 SOUTH RUSSELL STREET,YORK,PA,17402,(717)755-1964,50, NON PROFIT-COR
MON VALLEY CARE CENTER,200 STOOPS DRIVE,MONONGAHELA,PA,15063,(724)310-1111,60, FOR PROFIT-PAR
MONTICELLO HOUSE,1048 WEST BALTIMORE PIKE,MEDIA,PA,19063,(610)891-3800,86, NON PROFIT-COR
MORAVIAN HALL SQUARE HEALTH AND WELLNESS CENTER,175 WEST NORTH STREET,NAZARETH,PA,18064,(610)746-1000,61, NON PROFIT-COR
MORAVIAN MANOR,300 WEST LEMON STREET,LITITZ,PA,17543,(717)626-0214,127, NON PROFIT-COR
MORAVIAN VILLAGE OF BETHLEHEM,634 EAST BROAD ST,BETHLEHEM,PA,18018,(610)625-4885,118, NON PROFIT-COR
MORRISONS COVE HOME,429 SOUTH MARKET STREET,MARTINSBURG,PA,16662,(814)793-2104,124, NON PROFIT-COR
MOSSER NURSING HOME,1175 MOSSER ROAD P O BOX 133,TREXLERTOWN,PA,18087,(610)395-5661,60, NON PROFIT-COR
MOUNT CARMEL NURSING & REHABILITATION CENTER,2616 LOCUST GAP HIGHWAY,MOUNT CARMEL,PA,17851,(570)339-2501,121, FOR PROFIT-PAR
MOUNTAIN CITY NURSING & REHAB CTR,PO BOX 2307,HAZLETON,PA,18201,(570)454-8888,297, NON PROFIT-COR
MOUNTAIN LAUREL NSG & REHAB CTR,700 LEONARD STREET,CLEARFIELD,PA,16830,(814)765-7546,240, NON PROFIT-COR
MOUNTAIN TOP SENIOR CARE AND REHABILITATION CENTER,185 S MOUNTAIN BOULEVARD,MOUNTAIN TOP,PA,18707,(570)474-6377,106, FOR PROFIT - C
MOUNTAIN VIEW CARE CENTER,2309 STAFFORD AVENUE,SCRANTON,PA,18505,(570)341-0050,180, NON PROFIT-COR
"MOUNTAIN VIEW, A NURSING AND REHABILITATION CENTER",2050 TREVORTON ROAD,COAL TOWNSHIP,PA,17866,(570)644-4400,271, FOR PROFIT-PAR
MOUNTAINVIEW SPECIALTY CARE CENTER,227 SAND HILL ROAD,GREENSBURG,PA,15601,(724)837-6499,137, FOR PROFIT - C
MT. HOPE NAZARENE RETIREMENT COMMUNITY,3026 MOUNT HOPE HOME ROAD,MANHEIM,PA,17545,(717)665-6365,50, NON PROFIT-COR
MT. MACRINA MANOR,520 W. MAIN STREET,UNIONTOWN,PA,15401,(724)437-1400,139, NON PROFIT-CHU
MULBERRY SQUARE,411 1/2 WEST MAHONING STREET,PUNXSUTAWNEY,PA,15767,(814)938-6020,75, FOR PROFIT - C
NAAMANS CREEK COUNTRY MANOR,1194 NAAMANS CREEK ROAD,GARNET VALLEY,PA,19060,(610)558-7840,90, NON PROFIT-COR
NESHAMINY MANOR HOME,1660 EASTON ROAD,WARRINGTON,PA,18976,(215)345-3205,360, GOVERNMENT-COU
NEW EASTWOOD HEALTHCARE AND REHABILITATION CENTER,2125 FAIRVIEW AVENUE,EASTON,PA,18042,(610)258-2801,97, FOR PROFIT-PAR
NORMANDIE RIDGE,1700 NORMANDIE DRIVE,YORK,PA,17404,(717)764-6262,64, NON PROFIT-COR
NORTH HILLS HEALTH AND REHABILITATION CENTER,194 SWINDERMAN ROAD,WEXFORD,PA,15090,(724)935-3781,55, FOR PROFIT-PAR
NORTHAMPTON COUNTY HOME- GRACEDALE,2 GRACEDALE AVENUE,NAZARETH,PA,18064,(610)746-1900,725, GOVERNMENT-COU
NOTTINGHAM VILLAGE,58 NEITZ ROAD PO BOX 32,NORTHUMBERLAND,PA,17857,(570)473-8366,121, FOR PROFIT - C
NUGENT CONVALESCENT HOME,500 CLARKSVILLE ROAD,HERMITAGE,PA,16148,(724)981-6610,105, FOR PROFIT - C
OAK HILL NURSING AND REHABILITATION CENTER,827 GEORGES STATION ROAD,GREENSBURG,PA,15601,(724)837-7100,48, NON PROFIT-COR
OAKMONT CENTER FOR NURSING & REHABILITATION,26 ANN STREET,OAKMONT,PA,15139,(412)828-7300,85, FOR PROFIT - C
OAKWOOD HEALTHCARE & REHABILITATION CENTER,2109 RED LION ROAD,PHILADELPHIA,PA,19115,(215)673-7000,148, FOR PROFIT - C
OAKWOOD HEIGHTS,10 VO TECH DRIVE,OIL CITY,PA,16301,(814)676-8686,106, NON PROFIT-COR
OHESSON MANOR,276 GREEN AVENUE,LEWISTOWN,PA,17044,(717)242-1416,134, NON PROFIT-COR
OLD ORCHARD HEALTH CARE CENTER,4100 FREEMANSBURG AVENUE,EASTON,PA,18045,(610)330-9030,180, FOR PROFIT - C
ORANGEVILLE HEALTH AND REHABILITATION CENTER,200 BERWICK RD,ORANGEVILLE,PA,17859,(570)683-5036,120, FOR PROFIT-PAR
ORCHARD MANOR INC,20 ORCHARD DRIVE,GROVE CITY,PA,16127,(724)458-7760,121, NON PROFIT-COR
ORWIGSBURG CENTER,1000 ORWIGSBURG MANOR DRIVE,ORWIGSBURG,PA,17961,(570)366-2999,130, FOR PROFIT-PAR
OVERLOOK HEALTH AND REHABILITATION CENTER,520 NEW CASTLE STREET,NEW WILMINGTON,PA,16142,(724)946-3511,115, FOR PROFIT-PAR
OXFORD HEALTH CENTER,7 EAST LOCUST STREET,OXFORD,PA,19363,(610)998-2400,137, NON PROFIT-COR
PALMYRA HEALTH AND REHABILITATION CENTER,341 N RAILROAD STREET,PALMYRA,PA,17078,(717)838-3011,39, FOR PROFIT-PAR
PARK AVENUE REHABILITATION AND NURSING CENTER,14714 PARK AVENUE EXTENSION,MEADVILLE,PA,16335,(814)337-4228,173, FOR PROFIT - C
PARKHOUSE NURSING AND REHABILITATION CENTER,1600 BLACK ROCK ROAD,ROYERSFORD,PA,19468,(610)948-8800,467, FOR PROFIT-PAR
PASSAVANT RET & HEALTH CTR,105 BURGESS DRIVE,ZELIENOPLE,PA,16063,(724)452-5400,102, NON PROFIT-CHU
"PATRIOT, A CHOICE COMMUNITY THE",495 WEST PATRIOT STREET,SOMERSET,PA,15501,(814)445-4549,100, NON PROFIT-COR
PAUL'S RUN,9896 BUSTLETON AVENUE,PHILADELPHIA,PA,19115,(215)934-3000,120, NON PROFIT-COR
"PAVILION AT BRMC, THE",200 PLEASANT STREET,BRADFORD,PA,16701,(814)362-8293,95, NON PROFIT-OTH
"PAVILION AT SAINT LUKE VILLAGE, THE",1000 STACIE DRIVE,HAZLETON,PA,18201,(570)453-5100,120, FOR PROFIT - C
PEMBROOKE HEALTH AND REHABILITATION CENTER,1130 WEST CHESTER PIKE,WEST CHESTER,PA,19382,(610)692-3636,180, FOR PROFIT-PAR
PENN CENTER FOR REHABILITATION & CARE,3609 CHESTNUT STREET,PHILADELPHIA,PA,19104,(215)386-2942,124, NON PROFIT-COR
PENN HALL AT MENNO HAVEN,1425 PHILADELPHIA AVENUE,CHAMBERSBURG,PA,17201,(717)261-0220,60, NON PROFIT-COR
PENN STATE HERSHEY TRANSITIONAL CARE,"1135 OLD WEST CHOCOLATE AVENUE, 2ND FLOOR",HUMMELSTOWN,PA,17036,(717)832-2600,22, FOR PROFIT - C
PENNKNOLL VILLAGE,208 PENNKNOLL ROAD,EVERETT,PA,15537,(814)623-3200,133, FOR PROFIT - C
PENNSBURG MANOR,530 MACOBY STREET,PENNSBURG,PA,18073,(215)679-8076,120, FOR PROFIT-PAR
PENNSWOOD VILLAGE,1382 NEWTOWN LANGHORNE RD,NEWTOWN,PA,18940,(215)968-9110,53, NON PROFIT-COR
PENNSYLVANIA SOLDIERS' & SAILORS' HOME,P O BOX 6239 560 EAST THIRD ST,ERIE,PA,16512,(814)871-4531,107, GOVERNMENT-STA
PENNYPACK CENTER,8015 LAWNDALE STREET,PHILADELPHIA,PA,19111,(215)725-2525,54, FOR PROFIT-PAR
PETER BECKER COMMUNITY,800 MAPLE AVENUE,HARLEYSVILLE,PA,19438,(215)256-9501,72, NON PROFIT-COR
PHILADELPHIA NURSING HOME,GIRARD AND CORINTHIAN AVES,PHILADELPHIA,PA,19130,(215)685-0800,451, GOVERNMENT-COU
PHILADELPHIA PROTESTANT HOME,6500 TABOR ROAD,PHILADELPHIA,PA,19111,(215)697-8000,126, NON PROFIT-COR
PHOEBE ALLENTOWN HEALTH CARE CENTER,1925 TURNER STREET,ALLENTOWN,PA,18104,(610)794-5350,395, NON PROFIT-COR
"PHOEBE BERKS HEALTH CARE CENTER, INC.",1 HEIDELBERG DRIVE,WERNERSVILLE,PA,19565,(610)678-4002,120, NON PROFIT-COR
PHOEBE RICHLAND HEALTH CARE CENTER,108 SOUTH MAIN STREET,RICHLANDTOWN,PA,18955,(267)371-4512,143, NON PROFIT-COR
PHOEBE WYNCOTE,208 FERNBROOK AVENUE,WYNCOTE,PA,19095,(215)461-2100,58, NON PROFIT-COR
PICKERING MANOR HOME,226 NORTH LINCOLN AVENUE,NEWTOWN,PA,18940,(215)968-3878,47, NON PROFIT-COR
PINE RUN HEALTH CENTER,777 FERRY ROAD,DOYLESTOWN,PA,18901,(215)340-5200,107, NON PROFIT-COR
PINECREST MANOR,763 JOHNSONBURG ROAD,ST MARYS,PA,15857,(814)788-8488,138, NON PROFIT-COR
PLATINUM RIDGE CENTER FOR REHABILITATION AND HEALING,1050 BROADVIEW BOULEVARD,BRACKENRIDGE,PA,15014,(724)224-9200,97, FOR PROFIT - C
PLEASANT ACRES NURSING & REHABILITATION CENTER,118 PLEASANT ACRES ROAD,YORK,PA,17402,(717)840-7100,375, GOVERNMENT-COU
PLEASANT RIDGE MANOR- EAST,4728 LAKE PLEASANT ROAD,ERIE,PA,16504,(814)825-0000,76, GOVERNMENT-COU
PLEASANT RIDGE MANOR- WEST,8300 WEST RIDGE ROAD,GIRARD,PA,16417,(814)474-5521,312, GOVERNMENT-COU
"PLEASANT VALLEY MANOR, INC./ MONROE COUNTY HOME",4227 MANOR DRIVE,STROUDSBURG,PA,18360,(570)992-4172,174, GOVERNMENT-COU
PLEASANT VIEW RETIREMENT COMMUNITY,544 N PENRYN RD,MANHEIM,PA,17545,(717)665-2445,133, NON PROFIT-COR
POCOPSON HOME,1695 LENAPE ROAD,WEST CHESTER,PA,19382,(610)793-1212,275, GOVERNMENT-COU
POWERBACK REHABILITATION 1526 LOMBARD STREET,1526 LOMBARD STREET,PHILADELPHIA,PA,19146,(215)546-5960,150, FOR PROFIT-PAR
POWERBACK REHABILITATION 1700 PINE STREET,1700 PINE STREET,NORRISTOWN,PA,19401,(610)239-7100,99, FOR PROFIT-PAR
POWERBACK REHABILITATION 3485 DAVISVILLE ROAD,3485 DAVISVILLE ROAD,HATBORO,PA,19040,(215)830-0400,109, FOR PROFIT-PAR
POWERBACK REHABILITATION PHOENIXVILLE,3000 BALFOUR CIRCLE,PHOENIXVILLE,PA,19460,(484)920-6200,22, FOR PROFIT-PAR
PRAXIS ALZHEIMER'S FACILITY,500 WASHINGTON STREET,EASTON,PA,18042,(610)253-3573,115, FOR PROFIT-PAR
PRESBYTERIAN CENTER FOR CONTINUING CARE,39TH AND MARKET STREETS,PHILADELPHIA,PA,19104,(215)662-8186,26, NON PROFIT-COR
PRESBYTERIAN HOME OF GREATER JOHNSTOWN,787 GOUCHER STREET,JOHNSTOWN,PA,15905,(814)255-5539,41, NON PROFIT-COR
PRESBYTERIAN HOMES OF THE PRESBYTERY OF HUNTINGDON,220 NEWRY STREET,HOLLIDAYSBURG,PA,16648,(814)693-4000,67, NON PROFIT-COR
PRESQUE ISLE REHABILITATION & NURSING CENTER,4114 SCHAPER AVENUE,ERIE,PA,16508,(814)868-0831,141, FOR PROFIT-PAR
PRESTON RESIDENCE,200 SYCAMORE DRIVE,WEST GROVE,PA,19390,(610)869-6767,38, NON PROFIT-COR
PROSPECT PARK HEALTH AND REHABILITATION CENTER,815 CHESTER PIKE,PROSPECT PARK,PA,19076,(610)586-6262,180, FOR PROFIT-PAR
PROVIDENCE CARE CENTER,900 THIRD AVENUE,BEAVER FALLS,PA,15010,(724)846-8504,180, FOR PROFIT-PAR
PROVIDENCE POINT HEALTHCARE RESIDENCE,200 ADAMS AVENUE,PITTSBURGH,PA,15243,(412)489-3560,63, NON PROFIT-COR
"QUADRANGLE, THE",3300 DARBY ROAD,HAVERFORD,PA,19041,(610)642-3000,78, FOR PROFIT - C
QUAKERTOWN CENTER,1020 SOUTH MAIN STREET,QUAKERTOWN,PA,18951,(215)536-9300,138, FOR PROFIT-PAR
QUARRYVILLE PRESBYTERIAN RETIREMENT COMMUNITY,625 ROBERT FULTON HIGHWAY,QUARRYVILLE,PA,17566,(717)786-7321,130, NON PROFIT-CHU
QUINCY RETIREMENT COMMUNITY,6596 ORPHANAGE ROAD,QUINCY,PA,17247,(717)749-2300,134, NON PROFIT-COR
REDSTONE HIGHLANDS HEALTH CARE CTR,6 GARDEN CENTER DRIVE,GREENSBURG,PA,15601,(724)832-8400,77, NON PROFIT-COR
REFORMED PRESBYTERIAN HOME,2344 PERRYSVILLE AVE,PITTSBURGH,PA,15214,(412)321-4139,58, NON PROFIT-COR
REGINA COMMUNITY NURSING CENTER,550 EAST FORNANCE STREET,NORRISTOWN,PA,19401,(610)272-5600,121, NON PROFIT-COR
RENAISSANCE HEALTHCARE & REHABILITATION CENTER,4712 CHESTER AVE,PHILADELPHIA,PA,19143,(215)727-4450,123, FOR PROFIT - C
REST HAVEN-YORK,1050 S GEORGE STREET,YORK,PA,17403,(717)843-9866,159, FOR PROFIT - C
RHEEMS NURSING & REHABILITATION CENTER,141 HEISEY AVENUE,ELIZABETHTOWN,PA,17022,(717)367-1831,45, FOR PROFIT - C
RICHBORO REHABILITATION AND NURSING CENTER,253 TWININGFORD ROAD,RICHBORO,PA,18954,(215)357-2032,82, FOR PROFIT - C
RICHFIELD SENIOR LIVING AND REHAB CENTER,"PO BOX 248, 631 MAIN STREET",RICHFIELD,PA,17086,(717)694-3434,40, FOR PROFIT - C
RIDGEVIEW ELDER CARE REHABILITATION CENTER,30 4TH AVENUE,CURWENSVILLE,PA,16833,(814)236-0600,131, FOR PROFIT - C
RIDGEVIEW HEALTHCARE & REHAB CENTER LLC,200 PENNSYLVANIA AVENUE,SHENANDOAH,PA,17976,(570)462-1921,111, FOR PROFIT - C
RIVER RUN REHABILITATION AND NURSING CENTER,615 WYOMING AVENUE,KINGSTON,PA,18704,(570)288-5496,145, FOR PROFIT - C
RIVERS EDGE NSG & REHAB CTR,9501 STATE ROAD,PHILADELPHIA,PA,19114,(215)632-5700,120, FOR PROFIT - C
RIVERSIDE CARE CENTER,100 EIGHTH AVENUE,MC KEESPORT,PA,15132,(412)664-8860,120, FOR PROFIT - C
RIVERSIDE REHABILITATION & NURSING CENTER,500 WEST HOSPITAL STREET,TAYLOR,PA,18517,(570)562-2102,161, FOR PROFIT - C
RIVERSTREET MANOR,440 N RIVER STREET,WILKES-BARRE,PA,18702,(570)825-5611,122, FOR PROFIT-PAR
RIVERWOODS,3201 RIVER ROAD,LEWISBURG,PA,17837,(570)524-2271,226, NON PROFIT-COR
RMH-HB/SNF,US ROUTE 1,MEDIA,PA,19063,(484)227-2948,23, NON PROFIT-OTH
ROCHESTER MANOR,174 VIRGINIA AVENUE,ROCHESTER,PA,15074,(724)775-6400,122, FOR PROFIT - C
ROCKHILL MENNONITE COMMUNITY,3250 STATE ROAD,SELLERSVILLE,PA,18960,(215)257-2751,90, NON PROFIT-COR
ROLLING FIELDS INC,9108 STATE HIGHWAY 198,CONNEAUTVILLE,PA,16406,(814)587-2012,181, FOR PROFIT - C
ROLLING HILLS MANOR,17350 OLD TURNPIKE ROAD,MILLMONT,PA,17845,(570)922-3351,57, FOR PROFIT - C
ROLLING MEADOWS,107 CURRY ROAD,WAYNESBURG,PA,15370,(724)627-3153,121, NON PROFIT-COR
ROSE VIEW CENTER,1201 RURAL AVENUE,WILLIAMSPORT,PA,17701,(570)323-4340,123, FOR PROFIT-PAR
ROTHERMEL L. CAPLAN TRANSITIONAL CARE UNIT,WILLOW AT FOURTH ST POB 1282,LEBANON,PA,17046,(717)270-7829,19, NON PROFIT-OTH
ROUSE- WARREN COUNTY HOME,701 ROUSE AVENUE,YOUNGSVILLE,PA,16371,(814)563-7565,176, GOVERNMENT-COU
RYDAL PARK OF PHILADELPHIA PRESBYTERY HOMES INC,1515 FAIRWAY,RYDAL,PA,19046,(215)885-6800,114, NON PROFIT-COR
SACRED HEART FREE HOME,1315 WEST HUNTING PARK AVENUE,PHILADELPHIA,PA,19140,(215)329-3222,37, NON PROFIT-COR
SACRED HEART HOSPITAL TRANSITIONAL CARE FACILITY,421 CHEW STREET,ALLENTOWN,PA,18102,(610)776-4500,22, NON PROFIT-COR
SAINT JOHN XXIII HOME,2250 SHENANGO FREEWAY,HERMITAGE,PA,16148,(724)981-3200,90, NON PROFIT-CHU
SAINT JOSEPH VILLA,110 WEST WISSAHICKON AVENUE,FLOURTOWN,PA,19031,(215)836-4179,106, NON PROFIT-CHU
SAINT MARY'S AT ASBURY RIDGE,4855 WEST RIDGE ROAD,ERIE,PA,16506,(814)836-5300,80, NON PROFIT-COR
SAINT MARY'S EAST,607 EAST 26TH STREET,ERIE,PA,16504,(814)459-0621,139, NON PROFIT-COR
SANATOGA CENTER,225 EVERGREEN ROAD,POTTSTOWN,PA,19464,(610)323-1800,130, FOR PROFIT-PAR
SARAH A. TODD MEMORIAL HOME,1000 WEST SOUTH STREET,CARLISLE,PA,17013,(717)245-2187,117, NON PROFIT-COR
SARAH REED SENIOR LIVING,227 WEST 22ND STREET,ERIE,PA,16502,(814)878-2600,106, NON PROFIT-COR
SAUNDERS HOUSE,100 LANCASTER AVENUE,WYNNEWOOD,PA,19096,(610)658-5100,180, NON PROFIT-COR
SAXONY HEALTH CENTER,223 PITTSBURGH ST PO BOX 458,SAXONBURG,PA,16056,(724)352-9445,68, NON PROFIT-COR
SAYRE HEALTH CARE CENTER,151 KEEFER LANE,SAYRE,PA,18840,(570)888-2192,50, FOR PROFIT - C
"SCENERY HILL MANOR, INC.",680 LIONS HEALTH CAMP ROAD,INDIANA,PA,15701,(724)463-8705,56, FOR PROFIT - C
SCHUYLKILL CENTER,1000 SCHUYLKILL MANOR ROAD,POTTSVILLE,PA,17901,(570)622-9666,190, FOR PROFIT-PAR
SCHUYLKILL CO HOME REST HAVEN,401 UNIVERSITY DRIVE,SCHUYLKILL HAVEN,PA,17972,(570)385-0331,142, GOVERNMENT-COU
SCHUYLKILL MEDICAL CENTER SOUTH JACKSON STREET TCU,420 SOUTH JACKSON STREET,POTTSVILLE,PA,17901,(570)621-5062,11, NON PROFIT-COR
SCOTTDALE MANOR REHAB CENTER,900 PORTER AVENUE,SCOTTDALE,PA,15683,(724)887-0100,35, FOR PROFIT - C
SCRANTON HEALTH CARE CENTER,2933 MC CARTHY STREET,SCRANTON,PA,18505,(570)341-6676,44, FOR PROFIT - C
SENA KEAN MANOR,17083 ROUTE 6,SMETHPORT,PA,16749,(814)887-5601,152, FOR PROFIT-PAR
SENECA PLACE,5360 SALTSBURG ROAD,VERONA,PA,15147,(412)798-8000,174, NON PROFIT-COR
"SETON MANOR, INC.",1000 SETON DR,ORWIGSBURG,PA,17961,(570)366-0400,120, NON PROFIT-COR
SHARON REGIONAL HEALTH SYSTEM TRANSITIONAL CARE UNIT,740 EAST STATE STREET,SHARON,PA,16146,(724)983-3949,38, FOR PROFIT - C
SHENANDOAH MANOR NSG CTR,101 E WASHINGTON STREET,SHENANDOAH,PA,17976,(570)462-1908,124, FOR PROFIT-PAR
SHENANGO PRESBYTERIAN SENIORCARE,238 SOUTH MARKET STREET,NEW WILMINGTON,PA,16142,(724)946-3516,25, NON PROFIT-COR
SHERWOOD OAKS,100 NORMAN DRIVE,CRANBERRY TOWNSHIP,PA,16066,(724)776-8100,43, NON PROFIT-COR
SHIPPENSBURG HEALTH CARE CENTER,121 WALNUT BOTTOM ROAD,SHIPPENSBURG,PA,17257,(717)530-8300,125, FOR PROFIT-PAR
"SHOOK HOME, THE",55 SOUTH SECOND STREET,CHAMBERSBURG,PA,17201,(717)264-6815,65, NON PROFIT-COR
SIEMON'S LAKEVIEW MANOR NURSING AND REHABILITATION CENTER,228 SIEMON DRIVE,SOMERSET,PA,15501,(814)443-2811,120, FOR PROFIT - C
SILVER LAKE CENTER,905 TOWER ROAD,BRISTOL,PA,19007,(215)785-3201,174, NON PROFIT-COR
SILVER OAKS HEALTH AND REHABILITATION CENTER,715 HARBOR STREET,NEW CASTLE,PA,16101,(724)652-3863,62, FOR PROFIT-PAR
SILVER STREAM CENTER,"P O BOX 397, 905 PENLLYN PIKE",SPRING HOUSE,PA,19477,(215)646-1500,120, FOR PROFIT-PAR
SIMPSON HOUSE INC,2101 BELMONT AVENUE,PHILADELPHIA,PA,19131,(215)878-3600,154, NON PROFIT-COR
SKILLED CARE CENTER AT UTZ TERRACE,2100 UTZ TERRACE,HANOVER,PA,17331,(717)637-0633,40, NON PROFIT-COR
"SKILLED NURSING UNIT, ARMSTRONG CO MEMORIAL HOSPITAL",ONE NOLTE DRIVE,KITTANNING,PA,16201,(724)543-8458,17, NON PROFIT-OTH
SLATE BELT NURSING & REHABILITATION CENTER,701 SLATE BELT BLVD,BANGOR,PA,18013,(610)588-6161,126, FOR PROFIT - C
"SMITH HEALTH CARE, LTD.",453 SOUTH MAIN RD,MOUNTAIN TOP,PA,18707,(570)868-3664,37, FOR PROFIT - C
SNYDER MEMORIAL HEALTH CARE CENTER,P O BOX 680 S CHERRY ST RT 66,MARIENVILLE,PA,16239,(814)927-6670,100, FOR PROFIT - C
SOMERTON CENTER,650 EDISON AVENUE,PHILADELPHIA,PA,19116,(215)673-5700,229, FOR PROFIT-PAR
SOUDERTON MENNONITE HOMES,207 WEST SUMMIT STREET,SOUDERTON,PA,18964,(215)723-9881,71, NON PROFIT-COR
SOUTH FAYETTE NURSING CTR,252 MAIN STREET PO BOX 298,MARKLEYSBURG,PA,15459,(724)329-4830,60, FOR PROFIT-PAR
SOUTH MOUNTAIN RESTORATION CTR,10058 SOUTH MOUNTAIN ROAD,SOUTH MOUNTAIN,PA,17261,(717)749-3121,159, GOVERNMENT-STA
SOUTHEASTERN PENNSYLVANIA VETERANS' CENTER,ONE VETERANS DRIVE,SPRING CITY,PA,19475,(610)948-2400,184, GOVERNMENT-STA
SOUTHMONT OF PRESBYTERIAN SENIORCARE,835 SOUTH MAIN STREET,WASHINGTON,PA,15301,(724)222-4300,155, NON PROFIT-COR
SOUTHWESTERN NURSING CARE CENTER,500 LEWIS RUN ROAD,PITTSBURGH,PA,15122,(412)466-0600,118, FOR PROFIT-PAR
SOUTHWESTERN VETERANS CENTER,7060 HIGHLAND DR,PITTSBURGH,PA,15206,(412)665-6708,204, GOVERNMENT-STA
SPANG CREST MANOR,945 DUKE STREET,LEBANON,PA,17042,(717)274-1495,105, NON PROFIT-COR
SPIRIT OF MERCY SKILLED NURSING CENTER,746 JEFFERSON AVENUE,SCRANTON,PA,18501,(570)507-9357,22, FOR PROFIT-PAR
SPRING CREEK REHAB & HEALTH CARE CTR,1205 SOUTH 28TH STREET,HARRISBURG,PA,17111,(717)565-7000,404, FOR PROFIT-PAR
"SPRINGS AT THE WATERMARK, THE",TWO FRANKLIN TOWN BOULEVARD,PHILADELPHIA,PA,19103,(215)563-1800,109, FOR PROFIT-PAR
SPRUCE MANOR NURSING & REHABILITATION CENTER,220 SOUTH 4TH AVENUE,WEST READING,PA,19611,(610)374-5175,184, NON PROFIT-COR
SQUIRREL HILL CENTER FOR REHABILITATION AND HEALING,2025 WIGHTMAN STREET,PITTSBURGH,PA,15217,(412)421-8443,178, FOR PROFIT - C
ST. ANNE HOME,685 ANGELA DRIVE,GREENSBURG,PA,15601,(724)837-6070,125, NON PROFIT-COR
ST. ANNE'S RETIREMENT COMMUNITY,3952 COLUMBIA AVENUE,COLUMBIA,PA,17512,(717)285-5443,119, NON PROFIT-COR
ST. BARNABAS NURSING HOME,5827 MERIDIAN ROAD,GIBSONIA,PA,15044,(724)443-0700,172, NON PROFIT-COR
ST. FRANCIS CENTER FOR REHABILITATION & HEALTHCARE,1412 LANSDOWNE AVENUE,DARBY,PA,19023,(610)461-6510,273, FOR PROFIT - C
ST. IGNATIUS NURSING & REHAB CENTER,4401 HAVERFORD AVENUE,PHILADELPHIA,PA,19104,(215)349-8800,176, NON PROFIT-CHU
ST. JOHN NEUMANN CENTER FOR REHABILITATION & HEALTHCARE,10400 ROOSEVELT BOULEVARD,PHILADELPHIA,PA,19116,(215)698-5600,226, FOR PROFIT - C
ST. JOHN SPECIALTY CARE CTR,P O BOX 928 500 WITTENBERG WAY,MARS,PA,16046,(724)625-1571,300, NON PROFIT-COR
ST. JOSEPH'S MANOR (A D/B/A ENTITY OF HRHS),1616 HUNTINGDON PIKE,MEADOWBROOK,PA,19046,(215)938-4000,296, NON PROFIT-COR
ST. LUKE'S REHABILITATION AND NURSING CENTER,360 WEST RUDDLE ST.,COALDALE,PA,18218,(570)645-8208,48, NON PROFIT-COR
ST. LUKE'S VILLA,80 E NORTHAMPTON ST,WILKES BARRE,PA,18701,(570)826-1031,50, NON PROFIT-CHU
ST. MARTHA CENTER FOR REHABILITATION & HEALTHCARE,470 MANOR AVENUE,DOWNINGTOWN,PA,19335,(610)873-8490,120, FOR PROFIT - C
ST. MARY CENTER FOR REHABILITATION & HEALTHCARE,701 LANSDALE AVENUE,LANSDALE,PA,19446,(215)368-0900,120, FOR PROFIT - C
"ST. MARY'S VILLA NURSING HOME, INC.",516 ST. MARY'S VILLA ROAD,ELMHURST TOWNSHIP,PA,18444,(570)842-7621,112, NON PROFIT-COR
ST. MONICA CENTER FOR REHABILITATION & HEALTHCARE,2509 S 4TH STREET,PHILADELPHIA,PA,19148,(215)271-1080,180, FOR PROFIT - C
ST. PAUL HOMES,339 EAST JAMESTOWN ROAD,GREENVILLE,PA,16125,(724)588-7610,192, NON PROFIT-COR
STATESMAN HEALTH AND REHABILITATION CENTER,2629 TRENTON ROAD,LEVITTOWN,PA,19056,(215)943-7777,101, FOR PROFIT - C
STERLING HEALTH CARE AND REHAB CENTER,318 S. ORANGE STREET,MEDIA,PA,19063,(610)566-1400,164, FOR PROFIT - C
STONEBRIDGE HEALTH AND REHABILITATION  CENTER,102 CHANDRA DRIVE,DUNCANNON,PA,17020,(717)834-4111,60, FOR PROFIT - C
STONERIDGE POPLAR RUN,450 EAST LINCOLN AVENUE,MYERSTOWN,PA,17067,(717)866-3200,60, NON PROFIT-COR
STONERIDGE TOWNE CENTRE,7 WEST PARK AVENUE,MYERSTOWN,PA,17067,(717)866-6541,152, NON PROFIT-CHU
SUBURBAN WOODS HEALTH AND REHABILITATION CENTER,2751 DEKALB PIKE,NORRISTOWN,PA,19401,(610)278-2700,120, NON PROFIT-COR
SUGAR CREEK REST,120 LAKESIDE DRIVE,WORTHINGTON,PA,16262,(724)445-3000,114, FOR PROFIT-PAR
SUGAR CREEK STATION SKILLED NURSING & REHABILITATION COMPLEX,351 CAUSEWAY DRIVE,FRANKLIN,PA,16323,(814)437-0100,160, NON PROFIT-COR
"SUMMIT AT BLUE MOUNTAIN NURSING AND REHABILITATION CENTER, T",211 NORTH 12TH STREET,LEHIGHTON,PA,18235,(610)377-1300,91, NON PROFIT-COR
SUNBURY COMMUNITY HEALTH AND REHABILITATION CENTER,350 NORTH 11TH STREET,SUNBURY,PA,17801,(570)286-3333,29, FOR PROFIT-PAR
SUNNYVIEW NURSING AND REHABILITATION CENTER,107 SUNNYVIEW CIRCLE,BUTLER,PA,16001,(724)282-1800,220, FOR PROFIT - C
"SUSQUE- VIEW HOME, INC.",22 CREE DRIVE,LOCK HAVEN,PA,17745,(570)748-9377,146, GOVERNMENT-COU
SUSQUEHANNA HEALTH SKILLED NURSING & REHABILITATION CENTER,215 EAST WATER STREET,MUNCY,PA,17756,(570)546-4040,138, NON PROFIT-COR
"SUSQUEHANNA VALLEY NURSING AND REHABILITATION CENTER, LLC",745 CHIQUES HILL ROAD,COLUMBIA,PA,17512,(717)684-7555,173, FOR PROFIT-PAR
SWAIM HEALTH CENTER,210 BIG SPRING ROAD,NEWVILLE,PA,17241,(717)776-8200,79, NON PROFIT-CHU
SWEDEN VALLEY MANOR,1028 EAST SECOND STREET,COUDERSPORT,PA,16915,(814)274-7610,121, FOR PROFIT - C
TEL HAI RETIREMENT COMMUNITY,"1200 TEL HAI CIRCLE, PO BOX 190",HONEY BROOK,PA,19344,(610)273-9333,139, NON PROFIT-COR
THE REHABILITATION & NURSING CENTER AT GREATER PITTSBURGH,890 WEATHERWOOD LANE,GREENSBURG,PA,15601,(724)837-8076,120, FOR PROFIT-PAR
THE RIDGE AT WHITEMARSH HEALTH AND REHABILITATION,9209 RIDGE PIKE,PHILADELPHIA,PA,19128,(610)825-6560,244, FOR PROFIT - C
THORNWALD HOME,442 WALNUT BOTTOM ROAD,CARLISLE,PA,17013,(717)249-4118,83, NON PROFIT-COR
TIMBER RIDGE HEALTH CENTER,1555 EAST END BLVD PLAINS TWP,WILKES BARRE,PA,18711,(570)826-1011,180, FOR PROFIT - C
TOWNE MANOR EAST,2004 OLD ARCH ROAD,NORRISTOWN,PA,19401,(610)277-0380,120, NON PROFIT-COR
TOWNE MANOR WEST,205 EAST JOHNSON HIGHWAY,NORRISTOWN,PA,19401,(610)275-6410,119, NON PROFIT-COR
TOWNVIEW HEALTH AND REHABILITATION CENTER,300 BARR STREET,CANONSBURG,PA,15317,(724)746-5040,118, FOR PROFIT - C
"TRANSITIONAL CARE UNIT AT NAZARETH HOSPITAL, THE",2601 HOLME AVENUE,PHILADELPHIA,PA,19152,(215)335-6367,28, NON PROFIT-COR
TRANSITIONAL SUB-ACUTE UNIT,2802 PAPER MILL ROAD,WYOMISSING,PA,19610,(484)388-2724,50, NON PROFIT-COR
TRANSITIONS HEALTHCARE AUTUMN GROVE,555 SOUTH MAIN ST,HARRISVILLE,PA,16038,(724)735-4224,103, FOR PROFIT - C
TRANSITIONS HEALTHCARE GETTYSBURG,595 BIGLERVILLE ROAD,GETTYSBURG,PA,17325,(717)334-6249,135, FOR PROFIT - C
TRANSITIONS HEALTHCARE NORTH HUNTINGDON,8850 BARNES LAKE ROAD,NORTH HUNTINGDON,PA,15642,(724)864-7190,120, FOR PROFIT-PAR
TRANSITIONS HEALTHCARE WASHINGTON PA,90 HUMBERT LANE,WASHINGTON,PA,15301,(724)228-4740,120, FOR PROFIT - C
TREMONT HEALTH AND REHAB CTR,44 DONALDSON ROAD,TREMONT,PA,17981,(570)695-3141,180, FOR PROFIT - C
TRINITY LIVING CENTER,400 HILLCREST AVENUE,GROVE CITY,PA,16127,(724)458-9501,109, FOR PROFIT-PAR
TUCKER HOUSE NURSING AND REHABILITATION CENTER,1001-11 WALLACE STREET,PHILADELPHIA,PA,19123,(215)235-1600,180, FOR PROFIT-PAR
TWIN OAKS HEALTH AND REHABILITATION CENTER,2880 HORSESHOE PIKE,PALMYRA,PA,17078,(717)838-2231,53, FOR PROFIT-PAR
TWIN PINES HEALTH CARE CENTER,315 EAST LONDON GROVE ROAD,WEST GROVE,PA,19390,(610)869-2456,120, FOR PROFIT - C
TWINING HALL,280 MIDDLE HOLLAND ROAD,HOLLAND,PA,18966,(215)396-7105,82, NON PROFIT-COR
UNITED ZION RETIREMENT COMMUNITY,722 FURNACE HILLS PIKE,LITITZ,PA,17543,(717)626-2071,59, NON PROFIT-CHU
UPMC HERITAGE PLACE,5701 PHILLIPS AVENUE,PITTSBURGH,PA,15217,(412)422-5100,145, NON PROFIT-COR
UPMC MAGEE-WOMENS HOSPITAL TRANSITIONAL CARE UNIT,300 HALKET STREET,PITTSBURGH,PA,15213,(412)641-3318,20, NON PROFIT-OTH
UPMC MCKEESPORT LONG TERM CARE FACILITY,1500 FIFTH AVENUE,MCKEESPORT,PA,15132,(412)664-2601,24, NON PROFIT-COR
UPMC NORTHWEST TRANSITIONAL CARE UNIT,100 FAIRFIELD DRIVE,SENECA,PA,16346,(814)678-4642,16, NON PROFIT-COR
"UPMC, TRANSITIONAL CARE UNIT",200 LOTHROP ST,PITTSBURGH,PA,15213,(412)692-4260,30, NON PROFIT-OTH
VALENCIA WOODS AT ST. BARNABAS,85 CHARITY PLACE,VALENCIA,PA,16059,(724)625-4000,47, NON PROFIT-COR
VALLEY MANOR NURSING AND REHABILITATION CENTER,7650 ROUTE 309,COOPERSBURG,PA,18036,(610)282-1919,180, FOR PROFIT - C
"VALLEY VIEW HAVEN, INC.",4702 E MAIN STREET,BELLEVILLE,PA,17004,(717)935-2105,122, NON PROFIT-COR
VALLEY VIEW HEALTH AND REHABILITATION CENTER,301 VALLEY VIEW BLVD,ALTOONA,PA,16602,(814)944-0847,240, FOR PROFIT - C
VALLEY VIEW NURSING CENTER,2140 WARRENSVILLE ROAD,MONTOURSVILLE,PA,17754,(570)433-3161,173, NON PROFIT-COR
VIBRA REHABILITATION CENTER,707 SHEPHERDSTOWN ROAD,MECHANICSBURG,PA,17055,(717)591-2125,48, FOR PROFIT - C
VILLA ST. JOSEPH OF BADEN INC,1030 STATE STREET,BADEN,PA,15005,(724)869-6300,120, NON PROFIT-COR
"VILLAGE AT LUTHER SQUARE, THE",149 WEST 22ND STREET,ERIE,PA,16502,(814)452-3271,110, NON PROFIT-COR
"VILLAGE AT PENN STATE, THE",160 LION'S HILL ROAD,STATE COLLEGE,PA,16803,(814)238-1949,27, NON PROFIT-COR
VILLAGE AT PENNWOOD,909 WEST STREET,PITTSBURGH,PA,15221,(412)723-3662,126, FOR PROFIT-PAR
VINCENTIAN DE MARILLAC,5300 STANTON AVENUE,PITTSBURGH,PA,15206,(412)361-2833,50, NON PROFIT-COR
VINCENTIAN HOME,111 PERRYMONT ROAD,PITTSBURGH,PA,15237,(412)366-5600,180, NON PROFIT-COR
WARREN MANOR,682 PLEASANT DRIVE,WARREN,PA,16365,(814)723-7060,121, FOR PROFIT - C
WASHINGTON COUNTY HEALTH CENTER,36 OLD HICKORY RIDGE ROAD,WASHINGTON,PA,15301,(724)228-5010,288, GOVERNMENT-COU
WATSONTOWN NURSING AND REHABILITATION CENTER,245 EAST EIGHTH STREET,WATSONTOWN,PA,17777,(570)538-2561,125, FOR PROFIT-PAR
WAVERLY HEIGHTS,1400 WAVERLY ROAD,GLADWYNE,PA,19035,(610)645-8600,49, NON PROFIT-COR
WAYNE CENTER,30 WEST AVENUE,WAYNE,PA,19087,(610)688-3635,112, FOR PROFIT - C
WAYNE WOODLANDS MANOR,37  WOODLANDS DRIVE,WAYMART,PA,18472,(570)488-7130,121, NON PROFIT-COR
WEATHERWOOD NURSING HOME AND REHABILITATION CENTER,1000 EVERGREEN AVENUE,WEATHERLY,PA,18255,(570)427-8683,200, FOR PROFIT - C
WELLINGTON TERRACE,1361 E. BOOT ROAD,WEST CHESTER,PA,19380,(484)653-1600,40, FOR PROFIT - C
WESBURY UNITED METHODIST COMM,31 NORTH PARK AVENUE EXTENSION,MEADVILLE,PA,16335,(814)332-9000,210, NON PROFIT-CHU
WESLEY ENHANCED LIVING - DOYLESTOWN,200 VETERANS LANE,DOYLESTOWN,PA,18901,(215)345-4300,60, NON PROFIT-COR
WESLEY ENHANCED LIVING AT STAPELEY,6300 GREENE STREET,PHILADELPHIA,PA,19144,(215)844-0700,120, NON PROFIT-COR
"WESLEY VILLAGE, THE",209 ROBERTS ROAD,PITTSTON,PA,18640,(570)655-2891,183, NON PROFIT-COR
WEST HAVEN MANOR,151 GOODVIEW DRIVE,APOLLO,PA,15613,(724)727-3451,177, FOR PROFIT-PAR
WEST HILLS HEALTH AND REHABILITATION CENTER,951 BRODHEAD ROAD,CORAOPOLIS,PA,15108,(412)269-1101,150, FOR PROFIT-PAR
WESTGATE HILLS REHABILITATION AND NURSING CENTER,2050 OLD WEST CHESTER PIKE,HAVERTOWN,PA,19083,(610)449-8600,110, FOR PROFIT - C
WESTMINSTER VILLAGE,803 N WAHNETA STREET,ALLENTOWN,PA,18103,(610)782-8300,111, NON PROFIT-COR
WESTMINSTER WOODS AT HUNTINGDON,360 WESTMINSTER DRIVE,HUNTINGDON,PA,16652,(814)643-3160,64, NON PROFIT-COR
WESTMORELAND MANOR,2480 SOUTH GRANDE BOULEVARD,GREENSBURG,PA,15601,(724)830-4010,408, GOVERNMENT-COU
WESTON REHABILITATION & NURSING CENTER,1896 LEITHSVILLE ROAD,HELLERTOWN,PA,18055,(610)838-7901,49, FOR PROFIT - C
WEXFORD HEALTHCARE CENTER,9850 OLD PERRY HIGHWAY,WEXFORD,PA,15090,(412)366-7900,182, FOR PROFIT-PAR
WHITE CLIFF HEALTH AND REHABILITATION CENTER,110 FREDONIA ROAD,GREENVILLE,PA,16125,(724)588-8090,154, FOR PROFIT-PAR
WHITESTONE CARE CENTER,370 WHITE STONE CORNER ROAD,STROUDSBURG,PA,18360,(570)476-1600,90, FOR PROFIT - C
WILLIAM HOOD DUNWOODY CARE CENTER,3500 WEST CHESTER PIKE,NEWTOWN SQUARE,PA,19073,(610)359-4401,81, NON PROFIT-COR
WILLIAM PENN CARE CENTER,2020 ADER ROAD,JEANNETTE,PA,15644,(724)327-3500,155, FOR PROFIT-PAR
"WILLIAMSPORT HOME, THE",1900 RAVINE ROAD,WILLIAMSPORT,PA,17701,(570)323-8781,129, NON PROFIT-COR
WILLOW TERRACE,ONE PENN BLVD,PHILADELPHIA,PA,19144,(215)951-8500,180, FOR PROFIT - C
WILLOWBROOKE COURT AT BRITTANY POINTE ESTATES,1001 VALLEY FORGE ROAD,LANSDALE,PA,19446,(215)855-9700,92, NON PROFIT-COR
WILLOWBROOKE COURT AT FORT WASHINGTON ESTATES,735 SUSQUEHANNA ROAD,FORT WASHINGTON,PA,19034,(215)542-8110,40, NON PROFIT-COR
WILLOWBROOKE COURT AT GRANITE FARMS ESTATES,1343 WEST BALTIMORE PIKE,WAWA,PA,19063,(610)358-0510,82, NON PROFIT-COR
WILLOWBROOKE COURT AT LIMA ESTATES,411 NORTH MIDDLETOWN ROAD,LIMA,PA,19037,(610)565-8717,60, NON PROFIT-COR
WILLOWBROOKE COURT AT NORMANDY FARMS ESTATES,8000 TWIN SILO DR,BLUE BELL,PA,19422,(215)699-8727,73, NON PROFIT-COR
WILLOWBROOKE COURT AT SOUTHAMPTON ESTATES,238 STREET ROAD,SOUTHAMPTON,PA,18966,(215)364-2550,120, NON PROFIT-COR
WILLOWBROOKE COURT AT SPRING HOUSE ESTATES,728 NORRISTOWN RD,LOWER GWYNEDD,PA,19002,(215)628-3545,96, NON PROFIT-COR
WILLOWCREST,5501 OLD YORK ROAD,PHILADELPHIA,PA,19141,(215)456-8632,52, NON PROFIT-COR
WILLOWS OF PRESBYTERIAN SENIORCARE,1215 HULTON ROAD,OAKMONT,PA,15139,(412)828-5600,200, NON PROFIT-COR
WINDY HILL VILLAGE OF THE PRESBYTERIAN HOMES,100 DOGWOOD DRIVE,PHILIPSBURG,PA,16866,(814)342-8400,120, NON PROFIT-COR
WOOD RIVER VILLAGE,3200 BENSALEM BOULEVARD,BENSALEM,PA,19020,(215)752-2370,17, FOR PROFIT - C
WOODHAVEN CARE CENTER,2400 MCGINLEY ROAD,MONROEVILLE,PA,15146,(412)856-4770,120, FOR PROFIT - C
WOODLAND RETIREMENT COMMUNITY,18889 CROGHAN PIKE,ORBISONIA,PA,17243,(814)447-0300,125, NON PROFIT-COR
WYNDMOOR HILLS HEALTH CARE & REHAB CENTER,8601 STENTON AVE.,WYNDMOOR,PA,19038,(215)233-6200,77, FOR PROFIT - C
WYOMISSING HEALTH AND REHABILITATION CENTER,1000 EAST WYOMISSING BOULEVARD,READING,PA,19611,(610)376-3991,103, NON PROFIT-COR
YORK NURSING AND REHABILITATION CENTER,7101 OLD YORK ROAD,PHILADELPHIA,PA,19126,(215)424-4090,240, FOR PROFIT-PAR
"ZERBE SISTERS NURSING CENTER, INC.",2499 ZERBE ROAD,NARVON,PA,17555,(717)445-4551,87, FOR PROFIT - C
