<?xml version="1.0" encoding="UTF-8"?>
<metadata>
<idinfo>
<citation><citeinfo>
<origin>Pennsylvania Department of Environmental Protection</origin>
<pubdate></pubdate>
<title>AML Inventory Sites</title>
<edition>Unknown</edition>
<geoform>Polygon</geoform>
<pubinfo>
<pubplace>RCSOB</pubplace>
<publish>Pennsylvania Department of Environmental Protection</publish>
</pubinfo>
<onlink>http://www.dep.state.pa.us/external_gis/gis_home.htm</onlink>
<lworkcit><citeinfo>
<pubdate></pubdate>
<title></title>
<pubinfo>
<pubplace></pubplace>
<publish></publish>
</pubinfo>
</citeinfo>
</lworkcit>
<lworkcit><citeinfo>
<origin>Pennsylvania Department of Environmental Protection</origin>
<pubdate></pubdate>
<title></title>
<geoform>Polygon</geoform>
<pubinfo>
<pubplace></pubplace>
<publish></publish>
</pubinfo>
</citeinfo>
</lworkcit>
</citeinfo>
</citation>
<descript>
<abstract>This data set portrays the approximate location of Abandoned Mine Land Problem Areas containing public health, safety, and public welfare problems created by past coal mining. It is a subset of data contained in the Office of Surface Mining (OSM) Abandoned Mine Land Inventory.  This layer represents the AML Inventory Sites, which are the boundary of an entire problem area.  All related AML point/polygon features must fit within the boundary of the designated problem area.</abstract>
<purpose>This data set provides information needed to implement Title IV Abandoned Mine Reclamation, of the Surface Mining Control and Reclamation Act (SMCRA) of 1977. One of the major uses of this data set is for the reporting of annual Abandoned Mine Land Program accomplishments to Congress. In addition, the data is used in the National Atlas of the United States for geographic display and analysis at the national level, and for large regional areas. </purpose>
<supplinf></supplinf>
</descript>
<timeperd><timeinfo><sngdate><caldate>04/04/2012</caldate></sngdate></timeinfo>
</timeperd>
<current>Publication date</current>
<progress>Complete</progress>
<update>Continually</update>
<spdom><bounding><westbc>-80.519</westbc><eastbc>-75.444</eastbc><northbc>41.911</northbc><southbc>39.720</southbc></bounding></spdom>
<keywords>
<theme>
<themekt>Data Basin free form keywords</themekt>
<themekey>economy</themekey>
<themekey>Abandoned Mine Land Inventory</themekey>
<themekey>Reclamation</themekey>
<themekey>Coal mine related problem</themekey>
<themekey>Coal mining</themekey>
<themekey>Public health</themekey>
<themekey>Safety</themekey>
<themekey>Public Welfare</themekey>
<themekey>Mines</themekey>
<themekey>Coal</themekey>
<themekey>AML</themekey>
<themekey>Problem Areas</themekey>
<themekey>Abandoned</themekey>
<themekey>Mine</themekey>
<themekey>Land</themekey>
<themekey>Inventory</themekey>
<themekey>Geoscientific Information</themekey>
<themekey>mining</themekey>
<themekey>problem area</themekey>
<themekey>problem areas</themekey>
<themekey>Inventory Site, Inventory Sites</themekey>
</theme>
<place>
<placekt>None</placekt>
<placekey>Pennsylvania</placekey>
</place>
</keywords>
<accconst>None</accconst>
<useconst>Commonwealth of Pennsylvania,  Department of Environmental Protection
                                Disclaimer for Data
The user shall save the Commonwealth harmless from any suits, claims, or actions arising out of the use of the data files or accompanying documentation, or arising out of any defects in the datafiles or accompanying documentation.

The Commonwealth excludes any and all implied warranties and makes no warranty or representation with respect to the data files or accompanying documentation, including quality, performance, merchantability, or fits for a particular purpose.  These data files and documentation are provided "as is" and the user assumes the entire risk as to their quality and performance.</useconst>
<ptcontac>
<cntinfo>
<cntorgp><cntorg>PA DEP, Bureau of Abandoned Mine Reclamation</cntorg><cntper>Brian Bradley</cntper></cntorgp>
<cntpos></cntpos>
<cntaddr>
<addrtype>POSTAL</addrtype>
<address>400 Market Street</address>
<city>Harrisburg</city>
<state>PA</state>
<postal>17105</postal>
<country>USA</country>
</cntaddr>
<cntvoice>717 787-7669</cntvoice>
<cntemail></cntemail>
</cntinfo>
</ptcontac>
<datacred>Department of Environmental Protection</datacred>
</idinfo>
<dataqual>
<attracc>
<attraccr></attraccr><qattracc>
<attraccv></attraccv>
<attracce></attracce>
</qattracc>
</attracc>
<logic></logic>
<complete>All presently known Abandoned Mine Lands are represented in the dataset at this time.</complete>
<posacc>
</posacc>
<lineage>
<srcinfo>
<srccite><citeinfo>
<pubdate></pubdate>
<title></title>
<pubinfo>
<pubplace></pubplace>
<publish></publish>
</pubinfo>
</citeinfo>
</srccite>
<srcscale>Unknown</srcscale>
<srctime><timeinfo><rngdates><begdate></begdate><enddate></enddate></rngdates></timeinfo>
<srccurr>ground condition </srccurr>
</srctime>
<srccitea></srccitea>
<srccontr></srccontr>
</srcinfo>
<procstep>
<procdesc>Presently data is collected partly via hand drawn maps that are then converted to a digital format or the data is received from field offices in a shapefile format. </procdesc>
</procstep>
<procstep>
<procdesc>Dataset copied.</procdesc>
<srcused>Server=epengis02; Service=sde:oracle11g; Database=PGNET; User=gdc; Version=SDE.DEFAULT</srcused>
<procdate>20120404</procdate>
</procstep>
</lineage>
</dataqual>
<spdoinfo>
<direct>Vector</direct>
<ptvctinf>
<sdtsterm><sdtstype></sdtstype>
<ptvctcnt></ptvctcnt></sdtsterm>
</ptvctinf>
</spdoinfo>
<spref>
<horizsys>
<geograph><latres></latres><longres></longres><geogunit></geogunit></geograph>
<geodetic>
<horizdn>D_WGS_1984</horizdn><ellips>WGS_1984</ellips><semiaxis>6378137.000000</semiaxis><denflat>298.257222</denflat>
</geodetic>
</horizsys>
</spref>
<eainfo>
<overview>
<eaover>AML Problem Area:________

PA_NUMBER: Problem Area Number___
SITE_NUMBE: Problem Area Number___
NAME: Problem Area Name___
TOTAL_FEAT:Total # of Features in Problem Area___
FEATURES_R: # of Features Reclaimed in Problem Area___
PF_TYPE_CD: Code for Primary Facility___
PF_TYPE: Name of Primary Facility Code___
PF_STATUS_: Code for Primary Facility Status___
PF_STATUS: Primary Facility Status___</eaover>
</overview>
<detailed>
<enttyp>
<enttypl>MINE_AML_INV_SITE_V</enttypl>/n<enttypd>The points represent locations of Problem Areas which pose a threat to human health, safety, or welfare or the environment. For many Problem Areas the point is the latitude and longitude of the southeast corner of the USGS quadrangle in which the Problem Area is located. For others it is the center of the Problem Area. For the latest information on Problems Areas, see the AMLIS system at: http://www.osmre.gov/aml/inven/zamlis.htm</enttypd>/n<enttypds>U.S. Office of Surface Mining, Reclamation and Enforcement </enttypds>
</enttyp><attr>
<attrlabl>PF_ID</attrlabl>
<attrdef></attrdef>
<attrdefs></attrdefs>
<attrdomv><rdom><rdommin>654899</rdommin><rdommax>739735</rdommax><attrunit></attrunit><attrmres></attrmres></rdom></attrdomv>
</attr>
<attr>
<attrlabl>PA_NUMBER</attrlabl>
<attrdef>Problem Area</attrdef>
<attrdefs></attrdefs>
<attrdomv><udom></udom></attrdomv></attr>
<attr>
<attrlabl>NAME</attrlabl>
<attrdef>Name</attrdef>
<attrdefs></attrdefs>
<attrdomv><udom></udom></attrdomv></attr>
<attr>
<attrlabl>PF_TYPE_CD</attrlabl>
<attrdef>Type</attrdef>
<attrdefs></attrdefs>
<attrdomv><udom></udom></attrdomv></attr>
<attr>
<attrlabl>SITE_NUMBE</attrlabl>
<attrdef>Problem Area Number</attrdef>
<attrdefs></attrdefs>
<attrdomv><rdom><rdommin>1</rdommin><rdommax>9020</rdommax><attrunit></attrunit><attrmres></attrmres></rdom></attrdomv>
</attr>
<attr>
<attrlabl>PF_TYPE</attrlabl>
<attrdef>Type</attrdef>
<attrdefs></attrdefs>
<attrdomv><udom></udom></attrdomv></attr>
<attr>
<attrlabl>TOTAL_FEAT</attrlabl>
<attrdef>Total Features</attrdef>
<attrdefs></attrdefs>
<attrdomv><rdom><rdommin>1</rdommin><rdommax>89</rdommax><attrunit></attrunit><attrmres></attrmres></rdom></attrdomv>
</attr>
<attr>
<attrlabl>FEATURES_R</attrlabl>
<attrdef>Features Reclaimed</attrdef>
<attrdefs></attrdefs>
<attrdomv><rdom><rdommin>0</rdommin><rdommax>39</rdommax><attrunit></attrunit><attrmres></attrmres></rdom></attrdomv>
</attr>
<attr>
<attrlabl>PF_STATUS</attrlabl>
<attrdef>Status</attrdef>
<attrdefs></attrdefs>
<attrdomv><udom></udom></attrdomv></attr>
<attr>
<attrlabl>SHAPE</attrlabl>
<attrdef>Feature geometry.</attrdef>
<attrdefs>ESRI</attrdefs>
<attrdomv><udom>Coordinates defining the features.</udom></attrdomv></attr>
<attr>
<attrlabl>PF_STATUS_</attrlabl>
<attrdef>Status</attrdef>
<attrdefs></attrdefs>
<attrdomv><udom></udom></attrdomv></attr>
<attr>
<attrlabl>FID</attrlabl>
<attrdef>Internal feature number.</attrdef>
<attrdefs>ESRI</attrdefs>
<attrdomv><udom>Sequential unique whole numbers that are automatically generated.</udom></attrdomv></attr>
<attr>
<attrlabl>SHAPE_LENG</attrlabl>
<attrdef>Perimeter (meters)</attrdef>
<attrdefs></attrdefs>
<attrdomv><rdom><rdommin>119.309689988</rdommin><rdommax>15221.7796582</rdommax><attrunit></attrunit><attrmres></attrmres></rdom></attrdomv>
</attr>
<attr>
<attrlabl>SHAPE_AREA</attrlabl>
<attrdef>Area (meters squared)</attrdef>
<attrdefs>ESRI</attrdefs>
<attrdomv><rdom><rdommin>847.209414984</rdommin><rdommax>8096948.35056</rdommax><attrunit></attrunit><attrmres></attrmres></rdom></attrdomv>
</attr>
<attr>
<attrlabl>PF_TYPE</attrlabl>
<attrdef>Type</attrdef>
<attrdefs></attrdefs>
<attrdomv><udom></udom></attrdomv></attr>
<attr>
<attrlabl>SHAPE_AREA</attrlabl>
<attrdef>Area (meters squared)</attrdef>
<attrdefs>ESRI</attrdefs>
<attrdomv><rdom><rdommin>847.209414984</rdommin><rdommax>8096948.35056</rdommax><attrunit></attrunit><attrmres></attrmres></rdom></attrdomv>
</attr>
<attr>
<attrlabl>PF_STATUS_</attrlabl>
<attrdef>Status</attrdef>
<attrdefs></attrdefs>
<attrdomv><udom></udom></attrdomv></attr>
<attr>
<attrlabl>NAME</attrlabl>
<attrdef>Name</attrdef>
<attrdefs></attrdefs>
<attrdomv><udom></udom></attrdomv></attr>
<attr>
<attrlabl>TOTAL_FEAT</attrlabl>
<attrdef>Total Features</attrdef>
<attrdefs></attrdefs>
<attrdomv><rdom><rdommin>1</rdommin><rdommax>89</rdommax><attrunit></attrunit><attrmres></attrmres></rdom></attrdomv>
</attr>
<attr>
<attrlabl>FEATURES_R</attrlabl>
<attrdef>Features Reclaimed</attrdef>
<attrdefs></attrdefs>
<attrdomv><rdom><rdommin>0</rdommin><rdommax>39</rdommax><attrunit></attrunit><attrmres></attrmres></rdom></attrdomv>
</attr>
<attr>
<attrlabl>PF_STATUS</attrlabl>
<attrdef>Status</attrdef>
<attrdefs></attrdefs>
<attrdomv><udom></udom></attrdomv></attr>
<attr>
<attrlabl>SITE_NUMBE</attrlabl>
<attrdef>Problem Area Number</attrdef>
<attrdefs></attrdefs>
<attrdomv><rdom><rdommin>1</rdommin><rdommax>9020</rdommax><attrunit></attrunit><attrmres></attrmres></rdom></attrdomv>
</attr>
<attr>
<attrlabl>PF_TYPE_CD</attrlabl>
<attrdef>Type</attrdef>
<attrdefs></attrdefs>
<attrdomv><udom></udom></attrdomv></attr>
<attr>
<attrlabl>SHAPE_LENG</attrlabl>
<attrdef>Perimeter (meters)</attrdef>
<attrdefs></attrdefs>
<attrdomv><rdom><rdommin>119.309689988</rdommin><rdommax>15221.7796582</rdommax><attrunit></attrunit><attrmres></attrmres></rdom></attrdomv>
</attr>
<attr>
<attrlabl>PF_ID</attrlabl>
<attrdef></attrdef>
<attrdefs></attrdefs>
<attrdomv><rdom><rdommin>654899</rdommin><rdommax>739735</rdommax><attrunit></attrunit><attrmres></attrmres></rdom></attrdomv>
</attr>
<attr>
<attrlabl>PA_NUMBER</attrlabl>
<attrdef>Problem Area</attrdef>
<attrdefs></attrdefs>
<attrdomv><udom></udom></attrdomv></attr>
</detailed>
</eainfo>
<distinfo>
<resdesc>Downloadable Data </resdesc>
<stdorder>
<digform>
<digtopt><onlinopt>
<computer><networka><networkr></networkr></networka></computer>
<accinstr></accinstr>
</onlinopt>
</digtopt>
</digform>
</stdorder>
<distrib>
<cntinfo>
<cntorgp><cntorg>PA DEP, Bureau of Abandoned Mine Reclamation</cntorg><cntper></cntper></cntorgp>
<cntpos></cntpos>
<cntaddr>
<addrtype>mailing and physical address</addrtype>
<address>400 Market Street</address>
<city>Harrisburg</city>
<state>PA</state>
<postal>17105</postal>
<country>USA</country>
</cntaddr>
<cntvoice>717 787-7669</cntvoice>
</cntinfo>
</distrib>
<distliab>Not for commercial use or resale. The User shall save the Commonwealth harmless from any suits, claims or actions arising out of the use of the data files or accompanying documentation, or arising out of any defecting the data files or accompanying documentation. The Commonwealth excludes any and all implied warranties and makes no warranty or representation with respect to the data files or accompanying documentation, including quality, performance, merchantability, or fitness for a particular purpose. These data files and documentation are provided AS IS and the User assumes the entire risk as to their quality and performance

Those parties involved with the development and distribution of this data will not be liable for any direct, indirect, special, incidental, or consequential damages arising out of the use or inability to use the FILES or any accompanying documentation</distliab>
</distinfo>
<metainfo>
<metd>20120404</metd>
<metc>
<cntinfo>
<cntorgp><cntorg>PA DEP, Bureau of Abandoned Mine Reclamation</cntorg><cntper></cntper></cntorgp>
<cntpos></cntpos>
<cntaddr>
<addrtype>mailing and physical address</addrtype>
<address>400 Market Street</address>
<city>Harrisburg</city>
<state>PA</state>
<postal>17105</postal>
<country>USA</country>
</cntaddr>
<cntvoice>717 787-7669</cntvoice>
</cntinfo>
</metc>
<metstdn>FGDC Content Standards for Digital Geospatial Metadata</metstdn>
<metstdv>FGDC-STD-001-1998</metstdv>
</metainfo>
</metadata>
