ABBREV,NAME,ADDRESS,CITY,ST,ZIP,TELEPHONE,BED COUNT
HOSP-ACU,ABINGTON MEMORIAL HOSPITAL,1200 OLD YORK ROAD,ABINGTON,PA,19001,(215)481-2001,667
HOSP-ACU,ACMH HOSPITAL,ONE NOLTE DRIVE,KITTANNING,PA,16201,(724)543-8500,154
HOSP-ACU,ADVANCED SURGICAL HOSPITAL,100 TRICH DRIVE,WASHINGTON,PA,15301,(724)884-0760,14
HOSP-ACU,ALBERT EINSTEIN MEDICAL CENTER,5501 OLD YORK ROAD,PHILADELPHIA,PA,19141,(215)456-6010,772
TC,ALBERT EINSTEIN MEDICAL CENTER - TRANSPLANT CENTER,5501 OLD YORK ROAD,PHILADELPHIA,PA,19141,(215)456-7010,0
HOSP-ACU,ALLEGHENY GENERAL HOSPITAL,320 EAST NORTH AVENUE,PITTSBURGH,PA,15212,(412)359-3131,631
TC,ALLEGHENY GENERAL HOSPITAL - TRANSPLANT CENTER,320 EAST NORTH AVENUE,ALLEGHENY,PA,15212,(412)359-3131,0
HOSP-ACU,ALLEGHENY VALLEY HOSPITAL,1301 CARLISLE STREET,NATRONA,PA,15065,(724)224-7001,228
HOSP-RHB,ALLIED SERVICES INSTITUTE OF REHABILITATION,475 MORGAN HIGHWAY,SCRANTON,PA,18501,(570)348-1300,82
HOSP-ACU,ARIA HEALTH,10800 KNIGHTS ROAD,PHILADELPHIA,PA,19114,(215)612-4313,480
HOSP-ACU,BARIX CLINICS OF PENNSYLVANIA,280 MIDDLETOWN BOULEVARD,LANGHORNE,PA,19047,(267)572-3100,47
HOSP-CAH,BARNES-KASSON COUNTY HOSPITAL,2872 TURNPIKE STREET,SUSQUEHANNA,PA,18847,(570)853-3135,25
HOSP-PSY,BELMONT CENTER FOR COMPREHENSIVE TREATMENT,4200 MONUMENT RD,PHILADELPHIA,PA,19131,(215)877-2000,147
HOSP-ACU,BERWICK HOSPITAL CENTER,701 EAST 16TH STREET,BERWICK,PA,18603,(570)759-5020,101
HOSP-ACU,BRADFORD REGIONAL MEDICAL CENTER,116 INTERSTATE PARKWAY,BRADFORD,PA,16701,(814)368-4143,107
HOSP-ACU,BRANDYWINE HOSPITAL,201 REECEVILLE ROAD,COATESVILLE,PA,19320,(610)383-8003,169
HOSP-PSY,BROOKE GLEN BEHAVIORAL HOSPITAL,7170 LAFAYETTE AVE,FORT WASHINGTON,PA,19034,(215)641-5300,146
HOSP-CAH,BUCKTAIL MEDICAL CENTER,1001 PINE STREET,RENOVO,PA,17764,(570)923-1000,21
HOSP-ACU,BUTLER MEMORIAL HOSPITAL,ONE HOSPITAL WAY,BUTLER,PA,16001,(724)283-6666,296
HOSP-ACU,CANONSBURG HOSPITAL,100 MEDICAL BOULEVARD,CANONSBURG,PA,15317,(724)873-5838,104
HOSP-ACU,CARLISLE REGIONAL MEDICAL CENTER,361 ALEXANDER SPRING ROAD,CARLISLE,PA,17015,(717)249-1212,165
HOSP-ACU,CHAMBERSBURG HOSPITAL,112 NORTH SEVENTH STREET,CHAMBERSBURG,PA,17201,(717)267-3000,248
HOSP-CAH,CHARLES COLE MEMORIAL HOSPITAL,1001 EAST SECOND STREET,COUDERSPORT,PA,16915,(814)274-9301,59
HOSP-ACU,CHESTER COUNTY HOSPITAL,701 EAST MARSHALL STREET,WEST CHESTER,PA,19380,(610)431-5000,257
HOSP-ACU,CHESTNUT HILL HOSPITAL,8835 GERMANTOWN AVENUE,PHILADELPHIA,PA,19118,(215)248-8201,129
HOSP-CHD,"CHILDREN'S HOME OF PITTSBURGH, THE",5324 PENN AVENUE,PITTSBURGH,PA,15224,(412)441-4884,30
HOSP-CHD,CHILDREN'S HOSPITAL OF PITTSBURGH OF UPMC,ONE CHILDREN'S HOSPITAL DRIVE,PITTSBURGH,PA,15224,(412)692-5325,315
HOSP-CHD,CHILDRENS HOSPITAL OF PHILADELPHIA,34TH STREET AND CIVIC CENTER BLVD.,PHILADELPHIA,PA,19104,(267)426-6922,535
TC,CHILDRENS HOSPITAL OF PHILADELPHIA - TRANSPLANT CENTER,34TH STREET AND CIVIC CENTER BLVD.,PHILADELPHIA,PA,19104,(267)426-6922,0
HOS-ESRD,CHILDRENS HOSPITAL OF PITTSBURGH,3705 FIFTH AVENUE,PITTSBURGH,PA,15213,,0
TC,CHILDRENS HOSPITAL OF PITTSBURGH OF UPMC- TRANSPLANT CENTER,ONE CHILDREN'S HOSPITAL DRIVE,PITTSBURGH,PA,15224,(412)692-5325,0
HOSP-CHD,"CHILDRENS INSTITUTE OF PITTSBURGH, THE",6301 NORTHUMBERLAND STREET,PITTSBURGH,PA,15217,(412)420-2400,62
HOSP-ACU,CLARION HOSPITAL,ONE HOSPITAL DRIVE,CLARION,PA,16214,(814)226-9500,70
HOSP-PSY,CLARION PSYCHIATRIC CENTER,2 HOSPITAL DRIVE RD 3 BOX 188,CLARION,PA,16214,(814)226-9545,74
HOSP-PSY,CLARKS SUMMIT STATE HOSPITAL,1451 HILLSIDE DRIVE,CLARKS SUMMIT,PA,18411,(570)586-2011,214
HOSP-ACU,CONEMAUGH MEMORIAL MEDICAL CENTER,1086 FRANKLIN STREET,JOHNSTOWN,PA,15905,(814)534-9000,470
HOSP-CAH,CONEMAUGH MEYERSDALE MEDICAL CENTER,200 HOSPITAL DRIVE,MEYERSDALE,PA,15552,(814)634-5911,20
HOSP-ACU,CONEMAUGH MINERS MEDICAL CENTER,290 HAIDA AVENUE,HASTINGS,PA,16646,(814)247-3100,30
HOSP-ACU,COORDINATED HEALTH ORTHOPEDIC HOSPITAL LLC,2310 HIGHLAND AVENUE,BETHLEHEM,PA,18017,(610)691-4300,20
HOSP-CAH,CORRY MEMORIAL HOSPITAL,965 SHAMROCK LANE,CORRY,PA,16407,(814)664-4641,20
HOSP-RHB,CRICHTON REHABILITATION CENTER,320 MAIN STREET,JOHNSTOWN,PA,15901,(814)534-7923,39
HOSP-ACU,CROZER CHESTER MEDICAL CENTER,ONE MEDICAL CENTER BOULEVARD,UPLAND,PA,19013,(610)447-2000,430
TC,CROZER CHESTER MEDICAL CENTER - TRANSPLANT CENTER,ONE MEDICAL CENTER BOULEVARD,UPLAND,PA,19013,(610)447-2000,0
HOSP-PSY,DANVILLE STATE HOSPITAL,200 STATE HOSPITAL DRIVE,DANVILLE,PA,17821,(570)271-4500,170
HOSP-ACU,DELAWARE COUNTY MEMORIAL HOSPITAL,501 NORTH LANSDOWNE AVENUE,DREXEL HILL,PA,19026,(610)284-8100,168
HOSP-PSY,DEVEREUX CHILDREN'S BEHAVIORAL HEALTH INSTITUTE,655 SUGARTOWN ROAD BUILDING 150 PO BOX 275,MALVERN,PA,19355,(484)595-6741,49
HOSP-ACU,DIVINE PROVIDENCE HOSP,1100 GRAMPIAN BOULEVARD,WILLIAMSPORT,PA,17701,(570)326-8000,31
HOSP-ACU,DOYLESTOWN HOSPITAL,595 WEST STATE STREET,DOYLESTOWN,PA,18901,(215)345-2200,232
HOSP-RHB,EAGLEVILLE HOSPITAL,100 EAGLEVILLE ROAD,EAGLEVILLE,PA,19408,(610)539-6000,83
HOSP-ACU,EASTERN REGIONAL MEDICAL CENTER,1331 EAST WYOMING AVENUE,PHILADELPHIA,PA,19124,(215)537-7412,74
HOSP-ACU,EASTON HOSPITAL,250 SOUTH 21ST STREET,EASTON,PA,18042,(610)250-4076,238
HOSP-ACU,EDGEWOOD SURGICAL HOSPITAL,239 EDGEWOOD DRIVE EXTENSION,TRANSFER,PA,16154,(724)646-0400,10
HOSP-ACU,EINSTEIN MEDICAL CENTER MONTGOMERY,559 W. GERMANTOWN PIKE,EAST NORRITON,PA,19403,(484)622-7004,170
HOSP-ACU,ELLWOOD CITY HOSPITAL,724 PERSHING STREET,ELLWOOD CITY,PA,16117,(724)752-6750,70
HOSP-CAH,ENDLESS MOUNTAINS HEALTH SYSTEMS,100 HOSPITAL DRIVE,MONTROSE,PA,18801,(570)278-3801,25
HOSP-ACU,EPHRATA COMMUNITY HOSPITAL,169 MARTIN AVENUE,EPHRATA,PA,17522,(717)733-0311,130
HOSP-ACU,EVANGELICAL COMMUNITY HOSP,ONE HOSPITAL DRIVE,LEWISBURG,PA,17837,(570)522-2000,132
HOSP-ACU,EXCELA HEALTH FRICK HOSPITAL,508 SOUTH CHURCH STREET,MOUNT PLEASANT,PA,15666,(724)547-1500,103
HOSP-ACU,EXCELA HEALTH LATROBE HOSPITAL,ONE MELLON WAY,LATROBE,PA,15650,(724)537-1000,174
HOSP-ACU,EXCELA HEALTH WESTMORELAND REGIONAL HOSPITAL,532 WEST PITTSBURGH STREET,GREENSBURG,PA,15601,(724)832-4000,374
HOSP-PSY,FAIRMOUNT BEHAVIORAL HEALTH SYSTEM,561 FAIRTHORNE AVENUE,PHILADELPHIA,PA,19128,(215)487-4000,239
HOSP-PSY,FIRST HOSPITAL OF WYOMING VALLEY,562 WYOMING AVENUE,KINGSTON,PA,18704,(570)552-3977,127
HOSP-ACU,FORBES HOSPITAL,2570 HAYMAKER ROAD,MONROEVILLE,PA,15146,(412)858-2000,349
HOSP-PSY,FOUNDATIONS BEHAVIORAL HEALTH,833 E BUTLER AVENUE,DOYLESTOWN,PA,18901,(215)345-0444,58
HOSP-PSY,FRIENDS HOSPITAL,4641 ROOSEVELT BLVD,PHILADELPHIA,PA,19124,(215)831-4600,192
HOSP-CAH,FULTON COUNTY MEDICAL CENTER,214 PEACH ORCHARD ROAD,MCCONNELLSBURG,PA,17233,(717)485-3155,21
HOSP-RHB,GEISINGER HEALTHSOUTH REHABILITATION HOSPITAL,2 REHAB LANE,DANVILLE,PA,17821,(570)271-6733,42
HOSP-ACU,GEISINGER MEDICAL CENTER,100 NORTH ACADEMY AVENUE,DANVILLE,PA,17822,(570)271-6211,560
TC,GEISINGER MEDICAL CENTER - TRANSPLANT CENTER,100 NORTH ACADEMY AVENUE,DANVILLE,PA,17822,(570)271-6211,0
HOSP-ACU,GEISINGER WYOMING VALLEY MEDICAL CENTER,1000 EAST MOUNTAIN BOULEVARD,WILKES BARRE,PA,18711,(570)808-7300,275
HOSP-ACU,GEISINGER-BLOOMSBURG HOSPITAL,549 EAST FAIR STREET,BLOOMSBURG,PA,17815,(570)387-2100,72
HOSP-ACU,GEISINGER-COMMUNITY MEDICAL CENTER,1800 MULBERRY STREET,SCRANTON,PA,18510,(570)969-8240,294
HOSP-ACU,GEISINGER-LEWISTOWN HOSPITAL,400 HIGHLAND AVENUE,LEWISTOWN,PA,17044,(717)248-5411,123
HOSP-ACU,GETTYSBURG HOSPITAL,147 GETTYS STREET,GETTYSBURG,PA,17325,(717)334-2121,76
HOSP-ACU,GNADEN HUETTEN MEMORIAL HOSPITAL,211 NORTH 12TH STREET,LEHIGHTON,PA,18235,(610)377-1300,92
HOSP-ACU,"GOOD SAMARITAN HOSPITAL, THE",PO BOX 1281 FOURTH & WALNUT STREETS,LEBANON,PA,17042,(717)270-7500,170
HOSP-LT,GOOD SHEPHERD PENN PARTNERS,1800 LOMBARD STREET,PHILADELPHIA,PA,19146,(215)893-2548,38
HOSP-RHB,"GOOD SHEPHERD REHABILITATION HOSPITAL, THE",GOOD SHEPHERD PLAZA,ALLENTOWN,PA,18103,(610)776-3130,106
HOSP-LT,GOOD SHEPHERD SPECIALTY HOSPITAL,2545 SCHOENERSVILLE ROAD,BETHLEHEM,PA,18017,(484)884-5051,32
HOSP-ACU,GRAND VIEW HOSPITAL,700 LAWN AVENUE,SELLERSVILLE,PA,18960,(215)453-4601,194
HOSP-ACU,GROVE CITY MEDICAL CENTER,631 NORTH BROAD STREET EXT.,GROVE CITY,PA,16127,(724)450-7000,90
HOSP-ACU,HAHNEMANN UNIVERSITY HOSPITAL,BROAD AND VINE STREETS,PHILADELPHIA,PA,19102,(215)762-7167,496
TC,HAHNEMANN UNIVERSITY HOSPITAL - TRANSPLANT CENTER,BROAD AND VINE STREETS,PHILADELPHIA,PA,19102,(215)762-7167,0
HOSP-ACU,HANOVER HOSPITAL,300 HIGHLAND AVENUE,HANOVER,PA,17331,(717)637-3711,93
HOSP-PSY,HAVEN BEHAVIORAL HOSPITAL OF EASTERN PENNSYLVANIA,145 NORTH 6TH STREET,READING,PA,19601,(610)406-4345,48
HOSP-PSY,HAVEN BEHAVIORAL HOSPITAL OF PHILADELPHIA,3300 HENRY AVENUE UNIT 4,PHILADELPHIA,PA,19129,(215)475-3400,36
HOSP-RHB,HEALTHSOUTH HARMARVILLE REHABILITATION HOSPITAL,320 GUYS RUN ROAD,PITTSBURGH,PA,15238,(412)828-1300,162
HOSP-RHB,HEALTHSOUTH NITTANY VALLEY REHABILITATION HOSPITAL,550 WEST COLLEGE AVENUE,PLEASANT GAP,PA,16823,(814)359-3421,73
HOSP-RHB,HEALTHSOUTH READING REHABILITATION HOSPITAL,1623 MORGANTOWN ROAD,READING,PA,19607,(610)796-6201,60
HOSP-RHB,HEALTHSOUTH REHABILITATION HOSPITAL OF ALTOONA,2005 VALLEY VIEW BOULEVARD,ALTOONA,PA,16602,(814)944-3535,80
HOSP-RHB,HEALTHSOUTH REHABILITATION HOSPITAL OF ERIE,143 EAST SECOND STREET,ERIE,PA,16507,(814)878-1200,108
HOSP-RHB,HEALTHSOUTH REHABILITATION HOSPITAL OF MECHANICSBURG,175 LANCASTER BOULEVARD,MECHANICSBURG,PA,17055,(717)691-3720,75
HOSP-RHB,HEALTHSOUTH REHABILITATION HOSPITAL OF SEWICKLEY,303 CAMP MEETING ROAD,SEWICKLEY,PA,15143,(412)741-9500,44
HOSP-RHB,HEALTHSOUTH REHABILITATION HOSPITAL OF YORK,1850 NORMANDIE DRIVE,YORK,PA,17404,(717)767-6941,90
HOSP-ACU,HEART OF LANCASTER REGIONAL MEDICAL CENTER,1500 HIGHLANDS DRIVE,LITITZ,PA,17543,(717)625-5670,148
HOSP-RHB,HELEN M. SIMPSON REHABILITATION HOSPITAL,4300 LONDONDERRY ROAD,HARRISBURG,PA,17109,(717)920-4300,55
HOSP-ACU,HERITAGE VALLEY BEAVER,1000 DUTCH RIDGE ROAD,BEAVER,PA,15009,(724)728-7000,334
HOSP-ACU,HERITAGE VALLEY SEWICKLEY,720 BLACKBURN ROAD,SEWICKLEY,PA,15143,(412)749-7000,186
HOSP-ACU,HIGHLANDS HOSPITAL,401 EAST MURPHY AVENUE,CONNELLSVILLE,PA,15425,(724)628-1500,64
HOSP-ACU,HOLY REDEEMER HOSPITAL,1648 HUNTINGDON PIKE,MEADOWBROOK,PA,19046,(215)938-4653,229
HOSP-ACU,HOLY SPIRIT HOSPITAL,503 NORTH 21ST STREET,CAMP HILL,PA,17011,(717)763-2100,311
HOSP-PSY,HORSHAM CLINIC,722 E BUTLER PIKE,AMBLER,PA,19002,(215)643-7800,206
HOSP-ACU,HOSP OF THE UNIV OF PA,3400 SPRUCE STREET,PHILADELPHIA,PA,19104,(215)662-3227,789
HOS-ESRD,HOSP OF THE UNIVERSITY OF PA,3400 SPRUCE STREET,PHILADELPHIA,PA,19104,,0
HOSP-ACU,HOSPITAL OF FOX CHASE CANCER CENTER,333 COTTMAN AVENUE,PHILADELPHIA,PA,19111,(215)728-3636,98
TC,HOSPITAL OF THE UNIVERSITY OF PENNSYLVANIA - TRANSPLANT CENT,3400 SPRUCE STREET,PHILADELPHIA,PA,19104,(215)662-3227,0
HOSP-ACU,INDIANA REGIONAL MEDICAL CENTER,"P.O. BOX 788, HOSPITAL ROAD",INDIANA,PA,15701,(724)357-7000,164
HOSP-ACU,J C BLAIR MEMORIAL HOSP,1225 WARM SPRINGS AVENUE,HUNTINGDON,PA,16652,(814)643-8840,100
HOSP-ACU,JAMESON MEMORIAL HOSPITAL,1211 WILMINGTON AVENUE,NEW CASTLE,PA,16105,(724)658-9001,216
HOSP-ACU,JEANES HOSPITAL,7600 CENTRAL AVENUE,PHILADELPHIA,PA,19111,(215)728-2000,176
HOSP-ACU,JEFFERSON HOSPITAL,"565 COAL VALLEY ROAD,  P.O. BOX 18119",PITTSBURGH,PA,15236,(412)469-5000,341
HOSP-ACU,JENNERSVILLE REGIONAL HOSPITAL,1015 WEST BALTIMORE PIKE,WEST GROVE,PA,19390,(610)869-1001,63
HOSP-CAH,JERSEY SHORE HOSPITAL,1020 THOMPSON STREET,JERSEY SHORE,PA,17740,(570)398-3101,25
HOSP-RHB,JOHN HEINZ INSTITUTE OF REHABILITATION,150 MUNDY STREET,WILKES-BARRE,PA,18702,(570)826-3800,67
HOSP-ACU,KANE COMMUNITY HOSPITAL,4372 ROUTE 6,KANE,PA,16735,(814)837-8585,31
HOSP-ACU,KENSINGTON HOSPITAL,136 WEST DIAMOND STREET,PHILADELPHIA,PA,19122,(215)291-6001,35
HOSP-PSY,KIDSPEACE ORCHARD HILLS CAMPUS,5300 KIDS PEACE DRIVE,OREFIELD,PA,18069,(610)799-8800,104
HOSP-LT,KINDRED HOSPITAL - PHILADELPHIA,6129 PALMETTO STREET,PHILADELPHIA,PA,19111,(215)722-8555,52
HOSP-LT,KINDRED HOSPITAL - PITTSBURGH,7777 STEUBENSVILLE PIKE,OAKDALE,PA,15071,(412)494-5500,63
HOSP-LT,KINDRED HOSPITAL AT HERITAGE VALLEY,1000 DUTCH RIDGE ROAD,BEAVER,PA,15009,(724)773-8480,35
HOSP-LT,KINDRED HOSPITAL PHILADELPHIA-HAVERTOWN,2000 OLD WEST CHESTER PIKE,HAVERTOWN,PA,19083,(610)536-2100,57
HOSP-LT,KINDRED HOSPITAL SOUTH PHILADELPHIA,1930 SOUTH BROAD STREET UNIT #12,PHILADELPHIA,PA,19145,(267)570-5202,58
HOSP-PSY,KIRKBRIDE CENTER,111 N 49TH STREET,PHILADELPHIA,PA,19139,(215)471-2600,74
HOSP-ACU,LANCASTER GENERAL HOSPITAL,555 NORTH DUKE STREET,LANCASTER,PA,17604,(717)544-5134,630
HOSP-ACU,LANCASTER REGIONAL MEDICAL CTR,250 COLLEGE AVENUE,LANCASTER,PA,17604,(717)291-8123,214
HOSP-RHB,LANCASTER REHABILITATION HOSPITAL,675 GOOD DRIVE,LANCASTER,PA,17604,(717)406-3000,59
HOSP-ACU,LANSDALE HOSPITAL,100 MEDICAL CAMPUS DRIVE,LANSDALE,PA,19446,(215)368-2100,139
HOSP-ACU,LEHIGH VALLEY HOSPITAL,P.O. BOX 689,ALLENTOWN,PA,18103,(610)402-8000,862
HOSP-ACU,LEHIGH VALLEY HOSPITAL - HAZLETON,700 EAST BROAD STREET,HAZLETON,PA,18201,(570)501-4000,150
HOSP-ACU,LEHIGH VALLEY HOSPITAL - MUHLENBERG,2545 SCHOENERSVILLE ROAD,BETHLEHEM,PA,18017,(484)888-5845,195
TC,LEHIGH VALLEY HOSPITAL - TRANSPLANT CENTER,P.O. BOX 689,ALLENTOWN,PA,18103,(610)402-2273,0
HOSP-LT,LIFECARE HOSPITALS OF PITTSBURGH - MONROEVILLE,2380 MCGINLEY ROAD,MONROEVILLE,PA,15146,(412)856-2400,87
HOSP-ACU,LOCK HAVEN HOSPITAL,24 CREE DRIVE,LOCK HAVEN,PA,17745,(570)893-5024,47
HOSP-ACU,LOWER BUCKS HOSPITAL,501 BATH ROAD,BRISTOL,PA,19007,(215)785-9200,157
HOSP-RHB,MAGEE REHAB HOSPITAL,1513 RACE STREET,PHILADELPHIA,PA,19102,(215)587-3000,96
HOSP-ACU,MAGEE WOMENS HOSPITAL OF UPMC HEALTH SYSTEM,300 HALKET STREET,PITTSBURGH,PA,15213,(412)641-4010,363
HOSP-ACU,MAIN LINE HOSPITAL - PAOLI,255 WEST LANCASTER AVENUE,PAOLI,PA,19301,(484)565-1433,231
HOSP-ACU,MAIN LINE HOSPITAL BRYN MAWR,130 SOUTH BRYN MAWR AVENUE,BRYN MAWR,PA,19010,(484)337-3000,319
HOSP-RHB,MAIN LINE HOSPITAL BRYN MAWR REHABILITATION,414 PAOLI PIKE,MALVERN,PA,19355,(610)251-5400,148
HOS-ESRD,MAIN LINE HOSPITAL LANKENAU,100 LANCASTER AVENUE,WYNNEWOOD,PA,19096,,0
TC,MAIN LINE HOSPITAL LANKENAU - TRANSPLANT CENTER,100 LANCASTER AVENUE,WYNNEWOOD,PA,19096,(610)645-2000,0
HOSP-ACU,MAIN LINE HOSPITAL LANKENAU MEDICAL CENTER,100 LANCASTER AVENUE,WYNNEWOOD,PA,19096,(484)476-2027,331
HOSP-PSY,"MEADOWS PSYCHIATRIC CENTER, THE",132 THE MEADOWS DRIVE,CENTRE HALL,PA,16828,(814)364-2161,107
HOSP-ACU,MEADVILLE MEDICAL CENTER,751 LIBERTY STREET,MEADVILLE,PA,16335,(814)333-5000,203
HOSP-ACU,MEMORIAL HOSPITAL,325 SOUTH BELMONT STREET,YORK,PA,17403,(717)843-8623,100
HOSP-ACU,"MEMORIAL HOSPITAL, INC. TOWANDA",91 HOSPITAL DRIVE,TOWANDA,PA,18848,(570)265-2191,35
HOSP-ACU,MERCY FITZGERALD HOSPITAL,1500 LANSDOWNE AVENUE,DARBY,PA,19023,(610)237-4030,204
HOSP-ACU,MERCY PHILADELPHIA HOSPITAL,501 SOUTH 54TH STREET,PHILADELPHIA,PA,19143,(215)748-9300,178
HOSP-ACU,MERCY SUBURBAN HOSP NORRISTOWN,2701 DEKALB PIKE,NORRISTOWN,PA,19401,(610)278-2001,126
HOSP-ACU,MILLCREEK COMMUNITY HOSPITAL,5515 PEACH STREET,ERIE,PA,16509,(814)864-4031,144
HOSP-ACU,MILTON S HERSHEY MEDICAL CENTER,500 UNIVERSITY DRIVE,HERSHEY,PA,17033,(717)531-8323,551
TC,MILTON S HERSHEY MEDICAL CENTER - TRANSPLANT CENTER,"500 UNIVERSITY DRIVE, P. O. BOX 850",HERSHEY,PA,17033,(717)531-8521,0
HOSP-ACU,MONONGAHELA VALLEY HOSP,1163 COUNTRY CLUB ROAD,MONONGAHELA,PA,15063,(724)258-1000,210
HOSP-PSY,"MONTGOMERY COUNTY MH/MR EMERGENCY SERVICES, INC.",50 BEECH DRIVE GATE # 4 BUILDING 50,NORRISTOWN,PA,19403,(610)279-6100,73
HOSP-ACU,MOSES TAYLOR HOSPITAL,700 QUINCY AVENUE,SCRANTON,PA,18510,(570)770-5000,214
HOSP-ACU,MOUNT NITTANY MEDICAL CENTER,1800 EAST PARK AVENUE,STATE COLLEGE,PA,16803,(814)231-7000,260
HOSP-CAH,MUNCY VALLEY HOSPITAL,215 EAST WATER STREET,MUNCY,PA,17756,(570)546-8282,20
HOSP-ACU,NASON HOSPITAL,105 NASON DRIVE,ROARING SPRING,PA,16673,(814)224-2141,45
HOSP-ACU,NAZARETH HOSPITAL,2601 HOLME AVENUE,PHILADELPHIA,PA,19152,(215)335-6039,203
HOSP-LT,NEW LIFECARE HOSPITALS OF CHESTER COUNTY LLC,400 EAST MARSHAL STREET,WEST CHESTER,PA,19380,(484)826-0400,39
HOSP-LT,NEW LIFECARE HOSPITALS OF MECHANICSBURG LLC,4950 WILSON LANE,MECHANICSBURG,PA,17055,(717)790-8540,68
HOSP-LT,NEW LIFECARE HOSPITALS OF PITTSBURGH LLC - ALLE-KISKI CAMPUS,1301 CARLISLE STREET,NATRONA,PA,15065,(412)734-7615,35
HOSP-LT,NEW LIFECARE HOSPITALS OF PITTSBURGH LLC - MAIN CAMPUS,225 PENN AVENUE,PITTSBURGH,PA,15221,(412)247-2000,129
HOSP-LT,NEW LIFECARE HOSPITALS OF PITTSBURGH LLC - SUBURBAN CAMPUS,100 S.  JACKSON AVENUE,PITTSBURGH,PA,15202,(412)734-7601,32
HOSP-PSY,NORRISTOWN STATE HOSPITAL,1001 STERIGERE STREET,NORRISTOWN,PA,19401,(610)313-1000,266
HOSP-ACU,OHIO VALLEY GENERAL HOSPITAL,25 HECKEL ROAD,MCKEES ROCKS,PA,15136,(412)777-6161,138
HOSP-ACU,"OSS ORTHOPAEDIC HOSPITAL, LLC D/B/A OSS HEALTH",1861 POWDER MILL ROAD,YORK,PA,17402,(717)718-2000,30
HOSP-ACU,PALMERTON HOSPITAL,135 LAFAYETTE AVENUE,PALMERTON,PA,18071,(610)826-3141,67
HOSP-CAH,PENN HIGHLANDS BROOKVILLE,100 HOSPITAL ROAD,BROOKVILLE,PA,15825,(814)849-2312,35
HOSP-ACU,PENN HIGHLANDS CLEARFIELD,809 TURNPIKE AVE,CLEARFIELD,PA,16830,(814)765-5341,89
HOSP-ACU,PENN HIGHLANDS DUBOIS,100 HOSPITAL AVE,DUBOIS,PA,15801,(814)371-2200,219
HOSP-ACU,PENN HIGHLANDS ELK,763 JOHNSONBURG ROAD,SAINT MARYS,PA,15857,(814)788-8000,75
HOSP-ACU,PENN PRESBYTERIAN MEDICAL CENTER,51 NORTH 39TH STREET,PHILADELPHIA,PA,19104,(215)662-8000,328
HOSP-RHB,PENN STATE HERSHEY REHABILITATION LLC,1135 OLD WEST CHOCOLATE AVE,HUMMELSTOWN,PA,17036,(717)832-2600,76
HOSP-ACU,PENNSYLVANIA HOSP OF THE UNIV OF PA HEALTH SYS,800 SPRUCE STREET,PHILADELPHIA,PA,19107,(215)829-3000,496
HOSP-PSY,PENNSYLVANIA PSYCHIATRIC INSTITUTE,2501 NORTH THIRD STREET,HARRISBURG,PA,17110,(717)782-4742,80
HOSP-PSY,PHILHAVEN HOSPITAL,283 S. BUTLER ROAD,MT GRETNA,PA,17064,(717)273-8871,103
HOSP-ACU,PHOENIXVILLE HOSPITAL COMPANY LLC,140 NUTT ROAD,PHOENIXVILLE,PA,19460,(610)983-1000,151
HOSP-ACU,PHYSICIANS CARE SURGICAL HOSPITAL,454 ENTERPRISE DRIVE,ROYERSFORD,PA,19468,(610)495-3330,12
HOSP-ACU,PINNACLE HEALTH HOSPITALS,409 SOUTH SECOND STREET,HARRISBURG,PA,17105,(717)782-5181,717
TC,PINNACLE HEALTH HOSPITALS - TRANSPLANT CENTER,409 SOUTH SECOND STREET,HARRISBURG,PA,17105,(717)782-5181,0
HOS-ESRD,PINNACLE HEALTH SYSTEMS - HARRISBURG,111 SOUTH FRONT STREET,HARRISBURG,PA,17108,(717)231-8700,0
HOSP-ACU,POCONO MEDICAL CENTER,206 EAST BROWN STREET,EAST STROUDSBURG,PA,18301,(570)421-4000,239
HOSP-LT,POST ACUTE MEDICAL SPECIALTY HOSPITAL OF WILKES-BARRE,"575 NORTH RIVER STREET, 7TH FLOOR",WILKES BARRE,PA,18764,(570)208-3310,66
HOSP-ACU,POTTSTOWN MEMORIAL MEDICAL CENTER,1600 EAST HIGH STREET,POTTSTOWN,PA,19464,(610)327-7004,232
HOSP-ACU,PUNXSUTAWNEY AREA HOSPITAL,81 HILLCREST DRIVE,PUNXSUTAWNEY,PA,15767,(814)938-1800,49
HOSP-ACU,READING HOSPITAL,SIXTH AVENUE AND SPRUCE ST,READING,PA,19603,(484)628-8000,709
HOSP-ACU,REGIONAL HOSPITAL OF SCRANTON,746 JEFFERSON AVENUE,SCRANTON,PA,18501,(570)348-7100,186
HOSP-ACU,RIDDLE MEMORIAL HOSP,1068 WEST BALTIMORE PIKE,MEDIA,PA,19063,(610)566-9400,204
HOSP-ACU,ROBERT PACKER HOSPITAL,ONE GUTHRIE SQUARE,SAYRE,PA,18840,(570)888-6666,254
HOSP-ACU,ROTHMAN ORTHOPAEDIC SPECIALTY HOSPITAL,3300 TILLMAN DRIVE,BENSALEM,PA,19020,(215)244-7400,24
HOSP-ACU,ROXBOROUGH MEMORIAL HOSPITAL,5800 RIDGE AVENUE,PHILADELPHIA,PA,19128,(215)483-9900,141
HOSP-PSY,ROXBURY TREATMENT CENTER,601 ROXBURY ROAD,SHIPPENSBURG,PA,17257,(717)532-4217,52
HOSP-ACU,SACRED HEART HOSPITAL,421 CHEW STREET,ALLENTOWN,PA,18102,(610)776-4900,215
HOSP-ACU,SAINT VINCENT HOSPITAL,232 WEST 25TH STREET,ERIE,PA,16544,(814)452-5111,371
HOSP-ACU,SCHUYLKILL MEDICAL CENTER - EAST NORWEGIAN STREET,700 EAST NORWEGIAN STREET,POTTSVILLE,PA,17901,(570)621-4000,126
HOSP-ACU,SCHUYLKILL MEDICAL CENTER - SOUTH JACKSON STREET,420 SOUTH JACKSON STREET,POTTSVILLE,PA,17901,(570)621-5102,179
HOSP-LT,SELECT SPECIALTY HOSPITAL -  ERIE,252 WEST 11TH STREET,ERIE,PA,16501,(814)874-5300,50
HOSP-LT,SELECT SPECIALTY HOSPITAL - CENTRAL PA,111 SOUTH FRONT STREET,HARRISBURG,PA,17101,(717)724-6601,38
HOSP-LT,SELECT SPECIALTY HOSPITAL - CENTRAL PENNSYLVANIA (CAMP HILL),503 NORTH 21ST STREET FIFTH FLOOR,CAMP HILL,PA,17011,(717)972-4560,31
HOSP-LT,SELECT SPECIALTY HOSPITAL - CENTRAL PENNSYLVANIA (YORK),1001 S. GEORGE STREET - 5TH FLOOR,YORK,PA,17405,(717)812-2049,23
HOSP-LT,SELECT SPECIALTY HOSPITAL - DANVILLE,100 NORTH ACADEMY AVENUE 3RD FL BUSH & GEISINGER,DANVILLE,PA,17822,(570)214-9648,30
HOSP-LT,SELECT SPECIALTY HOSPITAL - JOHNSTOWN,320 MAIN STREET,JOHNSTOWN,PA,15901,(814)534-7300,39
HOSP-LT,"SELECT SPECIALTY HOSPITAL - MCKEESPORT, INC.",1500 FIFTH AVENUE,MC KEESPORT,PA,15132,(412)664-2900,30
HOSP-LT,SELECT SPECIALTY HOSPITAL - PITTSBURGH/UPMC,"200 LOTHROP STREET, MUH E824",PITTSBURGH,PA,15213,(412)586-9819,32
HOSP-LT,SELECT SPECIALTY HOSPITAL LAUREL HIGHLANDS INC,ONE MELLON WAY,LATROBE,PA,15650,(724)539-3704,40
HOSP-ACU,SHARON REGIONAL HEALTH SYSTEM,740 EAST STATE STREET,SHARON,PA,16146,(724)983-3912,220
HOSP-CHD,SHRINERS HOSPITALS FOR CHILDREN - PHILA,3551 N. BROAD STREET,PHILADELPHIA,PA,19104,(215)430-4000,53
HOSP-ACU,SOLDIERS & SAILORS MEM HOSP,32-36 CENTRAL AVENUE,WELLSBORO,PA,16901,(570)724-1631,67
HOSP-ACU,SOMERSET HOSPITAL,225 SOUTH CENTER AVENUE,SOMERSET,PA,15501,(814)443-5000,111
HOSP-ACU,SOUTHWEST REGIONAL MEDICAL CENTER,350 BONAR AVENUE,WAYNESBURG,PA,15370,(724)627-2602,49
HOSP-PSY,SOUTHWOOD PSYCHIATRIC HOSPITAL,2575 BOYCE PLAZA ROAD,PITTSBURGH,PA,15241,(412)257-2290,68
HOSP-ACU,ST CLAIR MEMORIAL HOSPITAL,1000 BOWER HILL ROAD,PITTSBURGH,PA,15243,(412)942-6209,328
HOSP-PSY,ST JOHN VIANNEY HOSPITAL,151 WOODBINE ROAD,DOWNINGTOWN,PA,19335,(610)269-2600,50
HOSP-ACU,ST JOSEPH MEDICAL CTR,2500 BERNVILLE ROAD,READING,PA,19605,(610)378-2000,204
HOSP-ACU,ST LUKE'S HOSPITAL BETHLEHEM,801 OSTRUM STREET,BETHLEHEM,PA,18015,(610)954-4000,550
HOSP-CHD,ST. CHRISTOPHER'S HOSPITAL FOR CHILDREN,160 EAST ERIE AVE,PHILADELPHIA,PA,19134,(215)427-5000,189
HOSP-ACU,ST. JOSEPH'S HOSPITAL,16TH AND GIRARD AVENUE,PHILADELPHIA,PA,19130,(215)787-9000,197
HOSP-ACU,ST. LUKE'S HOSPITAL- ANDERSON CAMPUS,1872 ST. LUKE'S BLVD.,EASTON,PA,18045,(610)954-3850,108
HOSP-ACU,ST. LUKE'S MINERS MEMORIAL HOSPITAL,360 W RUDDLE STREET,COALDALE,PA,18218,(484)526-2674,44
HOSP-ACU,ST. LUKE'S QUAKERTOWN HOSPITAL,1021 PARK AVENUE,QUAKERTOWN,PA,18951,(215)538-4500,62
HOSP-ACU,ST. MARY MEDICAL CTR,LANGHORNE-NEWTOWN ROAD,LANGHORNE,PA,19047,(215)710-2003,373
HOSP-RHB,ST. MARY REHABILITATION HOSPITAL LLP,1208 LANGHORNE NEWTOWN RD,LANGHORNE,PA,19047,(267)560-1101,50
HOSP-ACU,SUNBURY COMMUNITY HOSP,350 NORTH 11TH STREET,SUNBURY,PA,17801,(570)286-3333,68
HOSP-ACU,SURGICAL INSTITUTE OF READING,2752 CENTURY BOULEVARD,WYOMISSING,PA,19610,(610)378-8800,15
HOSP-ACU,"SURGICAL SPECIALTY CENTER AT COORDINATED HEALTH, THE",1503 CEDAR CREST BOULEVARD,ALLENTOWN,PA,18104,(610)871-9110,20
HOSP-ACU,TEMPLE UNIVERSITY HOSPITAL,3401 NORTH BROAD STREET,PHILADELPHIA,PA,19140,(215)707-9602,722
TC,TEMPLE UNIVERSITY HOSPITAL - TRANSPLANT CENTER,3401 NORTH BROAD STREET,PHILADELPHIA,PA,19140,(215)707-2000,0
HOS-ESRD,TEMPLE UNIVERSITY HOSPITAL DIALYSIS UNIT,BROAD & ONTARIO STREETS,PHILADELPHIA,PA,19140,(215)707-4798,0
HOSP-ACU,THOMAS JEFFERSON UNIV HOSP,111 SOUTH 11TH STREET,PHILADELPHIA,PA,19107,(215)955-4164,951
TC,THOMAS JEFFERSON UNIVERSITY HOSPITAL - TRANSPLANT CENTER,111 SOUTH 11TH STREET,PHILADELPHIA,PA,19107,(215)955-7022,0
HOSP-CAH,TITUSVILLE AREA HOSPITAL,406 WEST OAK STREET,TITUSVILLE,PA,16354,(814)827-1851,25
HOSP-PSY,TORRANCE STATE HOSPITAL,"STATE ROUTE 1014, PO BOX 111",TORRANCE,PA,15779,(724)459-4511,348
HOSP-CAH,TROY COMMUNITY HOSPITAL,275 GUTHRIE DRIVE,TROY,PA,16947,(570)297-9210,25
HOSP-ACU,TYLER MEMORIAL HOSPITAL,5950 SR 6,TUNKHANNOCK,PA,18657,(570)996-1151,44
HOSP-CAH,TYRONE HOSPITAL,187 HOSPITAL DRIVE,TYRONE,PA,16686,(814)684-1255,25
HOSP-ACU,UNIONTOWN HOSPITAL,500 WEST BERKELEY STREET,UNIONTOWN,PA,15401,(724)430-5080,175
HOSP-ACU,UPMC ALTOONA,620 HOWARD AVENUE,ALTOONA,PA,16601,(814)889-2011,375
HOSP-ACU,UPMC BEDFORD,10455 LINCOLN HIGHWAY,EVERETT,PA,15537,(814)623-3520,49
HOSP-ACU,UPMC EAST,2775 MOSSIDE BOULEVARD,MONROEVILLE,PA,15146,(412)357-3000,155
HOSP-ACU,UPMC HAMOT,201 STATE STREET,ERIE,PA,16550,(814)877-6000,446
HOSP-ACU,UPMC HORIZON,110 NORTH MAIN STREET,GREENVILLE,PA,16125,(724)588-2100,155
HOSP-ACU,UPMC MCKEESPORT,1500 FIFTH AVENUE,MC KEESPORT,PA,15132,(412)664-2300,198
HOSP-ACU,UPMC MERCY,1400 LOCUST STREET,PITTSBURGH,PA,15219,(412)232-8111,495
HOSP-ACU,UPMC NORTHWEST,100 FAIRFIELD DRIVE,SENECA,PA,16346,(814)676-7600,164
HOSP-ACU,UPMC PASSAVANT,9100 BABCOCK BOULEVARD,PITTSBURGH,PA,15237,(412)367-6700,413
HOSP-ACU,UPMC PRESBYTERIAN SHADYSIDE,200 LOTHROP STREET,PITTSBURGH,PA,15213,(412)647-8788,1592
TC,UPMC PRESBYTERIAN SHADYSIDE,200 LOTHROP STREET,PITTSBURGH,PA,15213,(412)647-8788,0
HOSP-ACU,UPMC ST MARGARET,815 FREEPORT ROAD,PITTSBURGH,PA,15215,(412)784-4000,249
HOSP-RHB,VALLEY FORGE MED CTR & HOSP,1033 WEST GERMANTOWN PIKE,NORRISTOWN,PA,19403,(610)539-8500,50
HOSP-ACU,WARREN GENERAL HOSPITAL,TWO CRESCENT PARK WEST,WARREN,PA,16365,(814)723-3300,87
HOSP-PSY,WARREN STATE HOSPITAL,33 MAIN DRIVE,NORTH WARREN,PA,16365,(814)723-5500,162
HOSP-ACU,"WASHINGTON HOSPITAL, THE",155 WILSON AVENUE,WASHINGTON,PA,15301,(724)225-7000,260
HOSP-ACU,WAYNE MEMORIAL HOSPITAL,601 PARK STREET,HONESDALE,PA,18431,(570)253-8100,112
HOSP-ACU,WAYNESBORO HOSPITAL,501 EAST MAIN STREET,WAYNESBORO,PA,17268,(717)765-4000,62
HOSP-ACU,WELLSPAN SURGERY AND REHABILITATION HOSPITAL,55 MONUMENT ROAD,YORK,PA,17403,(717)812-6100,73
HOSP-PSY,WERNERSVILLE STATE HOSPITAL,PO BOX 300,WERNERSVILLE,PA,19565,(610)670-4100,266
HOSP-ACU,WEST PENN HOSPITAL,4800 FRIENDSHIP AVENUE,PITTSBURGH,PA,15224,(412)578-5000,308
HOSP-ACU,WILKES-BARRE GENERAL HOSPITAL,575 NORTH RIVER STREET,WILKES-BARRE,PA,18764,(570)829-8111,412
HOSP-ACU,WILLIAMSPORT REGIONAL MEDICAL CENTER,700 HIGH STREET,WILLIAMSPORT,PA,17701,(570)321-2106,230
HOSP-ACU,WILLS EYE HOSPITAL,840 WALNUT STREET - 7TH FLOOR,PHILADELPHIA,PA,19107,(215)440-3150,4
HOSP-ACU,WINDBER HOSPITAL,600 SOMERSET AVENUE,WINDBER,PA,15963,(814)467-3703,54
HOSP-ACU,YORK HOSPITAL,1001 SOUTH GEORGE STREET,YORK,PA,17403,(717)851-2345,572
